data_as_of,development,tds,consolidated_tds,hud_,program,method,type,number_of_section_8_transition_apartments,number_of_current_apartments,total_number_of_apartments,number_of_rental_rooms,population_public_housing,total_population,percent_fixed_income_households,number_of_residential_bldgs,number_of_stories,total_area_sq_ft,bldg_coverage_sq_ft,density,development_cost,avg_monthly_gross_rent,borough,completion_date,federalized_development,senior_development,electricity_paid_by_residents,private_management,rad_transferred_date
1/1/2025,1010 EAST 178TH STREET,180,180,NY005090,FEDERAL,CONVENTIONAL,NEW CONST,0.0,218,220,918.0,391,391,0.49,1.0,21,"86,504.7","14,961",197.0,"$5,031,405",$513,BRONX,1971-03-31,,,,,2025-06-24
1/1/2025,104-14 TAPSCOTT STREET,242,167,NY005174,FEDERAL,TURNKEY,NEW CONST,,28,30,122.0,55,55,0.0022,1.0,4,"10,171.7","6,983",236.0,"$839,110",$604,BROOKLYN,1972-10-31,,,,,2023-11-28
1/1/2025,1162-1176 WASHINGTON AVENUE,233,308,NY005138,FEDERAL,TURNKEY,REHAB,0.0,64,66,290.0,128,128,0.3462,1.0,6,"19,088.3","12,231",292.0,"$2,205,187",$619,BRONX,1975-12-31,,,,,
1/1/2025,131 SAINT NICHOLAS AVENUE,154,097,NY005065,FEDERAL,CONVENTIONAL,NEW CONST,0.0,98,100,386.0,144,144,0.55,1.0,17,"30,232.0","5,759",207.0,"$1,880,013",$630,MANHATTAN,1965-03-31,,,,,
1/1/2025,1471 WATSON AVENUE,214,067,NY005162,FEDERAL,TURNKEY,NEW CONST,0.0,95,96,381.5,120,120,0.5395,1.0,6,"42,154.4","13,337",124.0,"$2,278,928",$549,BRONX,1970-12-31,,,,,
1/1/2025,154 WEST 84TH STREET,359,359,NY005270,FEDERAL,TURNKEY,NEW CONST,0.0,35,35,157.5,61,61,0.4286,1.0,7,"10,071.0","5,774",264.0,"$4,503,296",$726,MANHATTAN,1996-03-31,,,YES,YES,
1/1/2025,303 VERNON AVENUE,156,073,NY005068,FEDERAL,CONVENTIONAL,NEW CONST,0.0,234,234,"1,101.0",478,478,0.4306,1.0,24,"113,014.0","11,311",184.0,"$4,703,702",$632,BROOKLYN,1967-05-31,,,,,
1/1/2025,335 EAST 111TH STREET,203,064,NY005126,FEDERAL,TURNKEY,NEW CONST,,66,66,259.0,108,108,0.0056,1.0,6,"21,038.6","9,143",224.0,"$1,241,825",$427,MANHATTAN,1969-06-30,,,,,2020-11-30
1/1/2025,344 EAST 28TH STREET,185,153,NY005374,MIXED FINANCE/LLC2,CONVENTIONAL,NEW CONST,88.0,225,225,985.5,252,427,0.0053,1.0,26,"50,224.3","7,889",370.0,"$4,980,000",$555,MANHATTAN,1971-03-31,,,,,2020-11-30
1/1/2025,45 ALLEN STREET,265,100,NY005186,FEDERAL,TURNKEY,NEW CONST,0.0,106,107,530.0,207,207,0.4455,1.0,14,"40,886.6","8,031",221.0,"$4,290,021",$846,MANHATTAN,1974-07-31,,,,,
1/1/2025,572 WARREN STREET,196,163,NY005103,FEDERAL,TURNKEY,NEW CONST,,200,200,787.0,,382,,1.0,6,"82,610.4","28,530",201.0,"$5,984,598",$492,BROOKLYN,1972-08-31,,,,,2020-02-12
1/1/2025,830 AMSTERDAM AVENUE,150,082,NY005059,FEDERAL,CONVENTIONAL,NEW CONST,0.0,158,159,722.0,330,330,0.3885,1.0,20,"30,343.0","7,750",474.0,"$3,631,814",$675,MANHATTAN,1965-08-31,,,,,
1/1/2025,ADAMS,118,118,NY005049,FEDERAL,CONVENTIONAL,NEW CONST,0.0,919,925,"4,280.5","2,012","2,012",0.4477,7.0,15–21,"407,671.6","56,283",215.0,"$17,878,818",$608,BRONX,1964-08-31,,,,,
1/1/2025,ALBANY,031,031,NY005216C,FEDERAL,CONVENTIONAL,NEW CONST,0.0,812,829,"3,735.0","1,645","1,645",0.4078,6.0,14,"388,541.9","58,455",184.0,"$8,951,000",$642,BROOKLYN,1950-10-14,1978-02-01,,,,
1/1/2025,ALBANY II,085,031,NY005216C,FEDERAL,CONVENTIONAL,NEW CONST,0.0,396,400,"1,833.0",841,841,0.414,3.0,13–14,"215,274.8","26,053",170.0,"$4,666,000",$603,BROOKLYN,1957-02-07,1978-02-01,,,,
1/1/2025,AMSTERDAM,022,022,NY005220A,FEDERAL,CONVENTIONAL,NEW CONST,0.0,"1,084","1,084","5,129.0","2,055","2,055",0.432,13.0,6–13,"417,271.0","100,358",215.0,"$12,262,000",$653,MANHATTAN,1948-12-17,1978-07-01,,,,
1/1/2025,AMSTERDAM ADDITION,187,022,NY005366,MIXED FINANCE/LLC1,CONVENTIONAL,NEW CONST,26.0,174,175,759.0,265,313,0.5488,1.0,27,"37,855.0","17,562",360.0,"$7,053,000",$599,MANHATTAN,1974-01-31,,,,,
1/1/2025,ARMSTRONG I,210,210,NY005120,FEDERAL,CONVENTIONAL,NEW CONST,,369,371,"1,756.0",,"1,044",,11.0,3-4-6,"252,400.0","94,311",180.0,"$14,648,872",$487,BROOKLYN,1973-05-31,,PARTIALLY,,,2020-02-12
1/1/2025,ARMSTRONG II,228,210,NY005116,FEDERAL,TURNKEY,NEW CONST,,248,248,"1,268.5",,754,,5.0,4,"176,296.4","67,372",186.0,"$7,802,067",$522,BROOKLYN,1974-10-31,,,,,2020-02-12
1/1/2025,ASTORIA,026,026,NY005213I,FEDERAL,CONVENTIONAL,NEW CONST,0.0,"1,094","1,104","5,562.0","2,601","2,601",0.3746,22.0,6–7,"1,170,203.3","173,434",97.0,"$14,122,000",$726,QUEENS,1951-11-09,1977-07-01,,,,
1/1/2025,ATLANTIC TERMINAL SITE 4B,256,163,NY005189,FEDERAL,TURNKEY,NEW CONST,0.0,299,300,"1,237.5",478,478,0.4642,1.0,31,"87,977.1","15,382",237.0,"$10,797,972",$657,BROOKLYN,1976-04-30,,,,,
1/1/2025,AUDUBON,125,003,NY005365,FEDERAL,CONVENTIONAL,NEW CONST,,167,168,808.0,460,460,0.0038,1.0,20,"28,838.9","9,043",695.0,"$2,817,000",$587,MANHATTAN,1962-04-30,1995-07-13,,,,2023-01-10
1/1/2025,BAILEY AVENUE-WEST 193RD STREET,202,197,NY005106,FEDERAL,CONVENTIONAL,NEW CONST,0.0,233,233,980.5,405,405,0.5498,1.0,20,"102,624.1","13,621",172.0,"$8,091,156",$563,BRONX,1973-05-31,,,,,2025-06-24
1/1/2025,BAISLEY PARK,091,091,NY005038,FEDERAL,CONVENTIONAL,NEW CONST,0.0,379,386,"1,769.5",884,884,0.373,5.0,8,"322,506.3","54,504",119.0,"$5,856,304",$694,QUEENS,1961-04-30,,,,,
1/1/2025,BARUCH,060,060,NY005012,FEDERAL,CONVENTIONAL,NEW CONST,0.0,"2,174","2,194","10,152.0","4,255","4,255",0.4983,17.0,7–13–14,"1,189,764.3","160,098",156.0,"$36,411,155",$619,MANHATTAN,1959-08-06,,,,,
1/1/2025,BARUCH HOUSES ADDITION,198,060,NY005111,FEDERAL,CONVENTIONAL,NEW CONST (ELD),0.0,195,197,639.5,218,218,0.9249,1.0,23,"20,490.3","6,149",463.0,"$6,622,549",$383,MANHATTAN,1977-04-30,,EXCLUSIVELY,,,
1/1/2025,BAY VIEW,092,092,NY005368,MIXED FINANCE/LLC1,CONVENTIONAL,NEW CONST,340.0,"1,608","1,610","7,306.0","2,436","3,141",0.4127,23.0,8,"1,406,080.7","228,305",97.0,"$19,575,470",$650,BROOKLYN,1956-06-07,,,,,
1/1/2025,BAYCHESTER,126,138,NY005367,MIXED FINANCE/LLC2,CONVENTIONAL,NEW CONST,127.0,440,441,"1,863.0",,872,,11.0,6,"358,446.2","66,835",106.0,"$8,099,000",$421,BRONX,1963-10-31,,,,,2018-12-27
1/1/2025,BEACH 41ST STREET-BEACH CHANNEL DRIVE,165,165,NY005086,FEDERAL,CONVENTIONAL,NEW CONST,0.0,712,712,"3,106.0","1,454","1,454",0.3544,4.0,13,"770,750.8","66,756",82.0,"$24,811,000",$623,QUEENS,1973-11-30,,,,,
1/1/2025,BEDFORD-STUYVESANT REHAB,311,073,NY005255,FEDERAL,TURNKEY,REHAB,0.0,84,85,381.0,179,179,0.4444,3.0,4–6,"27,163.2","18,283",287.0,"$5,219,763",$607,BROOKLYN,1983-05-31,,,YES,,
1/1/2025,BELMONT-SUTTER AREA,345,046,NY005282,FEDERAL,TURNKEY,NEW CONST,,72,72,336.0,184,184,0.0025,3.0,3,"77,493.6","24,395",103.0,"$5,373,534",$618,BROOKLYN,1986-02-28,,,YES,,2021-12-28
1/1/2025,BERRY,052,052,NY005271B,FEDERAL,CONVENTIONAL,NEW CONST,0.0,506,506,"2,129.0",864,864,0.5,8.0,6,"521,035.4","77,152",72.0,"$5,929,376",$627,STATEN ISLAND,1950-10-27,1980-10-01,,,,
1/1/2025,BERRY STREET-SOUTH 9TH STREET,357,131,NY005288,FEDERAL,TURNKEY,NEW CONST,,150,150,711.0,,381,,4.0,3-6,"131,271.2","39,559",126.0,"$17,062,418",$544,BROOKLYN,1995-09-30,,,YES,,2020-02-12
1/1/2025,BETANCES I,211,211,NY005121,FEDERAL,CONVENTIONAL,NEW CONST,,309,309,"1,410.5",,710,,13.0,3-4-12-20,"135,235.2","40,862",229.0,"$8,854,586",$465,BRONX,1973-05-31,,PARTIALLY,,,2018-11-16
1/1/2025,"BETANCES II, 13",518,084,NY005118B,FEDERAL,TURNKEY,NEW CONST,,51,51,220.5,,116,,1.0,6,"19,656.2","18,780",257.0,"$1,796,276",$397,BRONX,1973-07-31,,,,,2018-11-16
1/1/2025,"BETANCES II, 18",519,145,NY005118C,FEDERAL,TURNKEY,NEW CONST,,78,78,428.0,,259,,2.0,4-6,"46,104.9","9,348",245.0,"$3,447,562",$478,BRONX,1973-07-31,,,,,2018-11-16
1/1/2025,"BETANCES II, 9A",220,211,NY005118A,FEDERAL,TURNKEY,NEW CONST,,46,46,208.0,,102,,1.0,4,"22,448.3","15,185",198.0,"$1,675,453",$494,BRONX,1973-07-31,,,,,2018-11-16
1/1/2025,"BETANCES III, 13",520,084,NY005134B,FEDERAL,TURNKEY,REHAB,,22,22,117.0,,79,,2.0,5,"21,202.0","3,480",162.0,"$867,345",$394,BRONX,1973-07-31,,,,,2018-11-16
1/1/2025,"BETANCES III, 18",521,145,NY005134C,FEDERAL,TURNKEY,REHAB,,19,19,77.5,,44,,1.0,5,"13,111.1","17,906",146.0,"$2,441,684",$412,BRONX,1973-07-31,,,,,2018-11-16
1/1/2025,"BETANCES III, 9A",222,211,NY005134A,FEDERAL,TURNKEY,REHAB,,26,26,143.0,,85,,2.0,6,"11,126.0","7,306",333.0,"$1,537,896",$563,BRONX,1973-07-31,,,,,2018-11-16
1/1/2025,BETANCES IV,230,211,NY005135,FEDERAL,TURNKEY,NEW CONST,,282,282,"1,366.0",,769,,8.0,3-4-6,"175,889.9","74,343",190.0,"$10,758,956",$501,BRONX,1973-12-31,,,,,2018-11-16
1/1/2025,BETANCES V,231,211,NY005136,FEDERAL,TURNKEY,REHAB,,100,100,484.0,,317,,6.0,5-6,"45,433.4","30,557",304.0,"$5,877,679",$486,BRONX,1974-02-28,,,,,2018-11-16
1/1/2025,BETANCES VI,285,211,NY005217,FEDERAL,CONVENTIONAL,REHAB,,155,155,726.5,,379,,3.0,5-6,"83,743.1","18,582",197.0,"$10,480,359",$516,BRONX,1982-10-31,,,YES,,2018-11-16
1/1/2025,BETHUNE GARDENS,160,003,NY005070,FEDERAL,CONVENTIONAL,NEW CONST (ELD),,209,210,694.0,250,250,0.0089,1.0,22,"64,915.3","7,751",168.0,"$3,785,397",$338,MANHATTAN,1967-03-31,,EXCLUSIVELY,,,2023-01-10
1/1/2025,BLAND,054,186,NY005213K,FEDERAL,CONVENTIONAL,NEW CONST,0.0,399,400,"1,850.5",730,730,0.4632,5.0,10,"248,264.3","43,237",128.0,"$5,925,000",$696,QUEENS,1952-05-08,1977-07-01,,,,
1/1/2025,BORINQUEN PLAZA I,243,243,NY005175,FEDERAL,TURNKEY,NEW CONST,0.0,504,509,"2,332.0","1,016","1,016",0.549,8.0,7,"261,259.9","96,902",169.0,"$15,625,047",$636,BROOKLYN,1975-02-28,,PARTIALLY (2 BUILDINGS),,,
1/1/2025,BORINQUEN PLAZA II,271,243,NY005195,FEDERAL,TURNKEY,NEW CONST,0.0,421,425,"2,245.5",971,971,0.4352,7.0,7,"186,649.6","61,115",227.0,"$16,411,918",$701,BROOKLYN,1975-12-31,,,,,
1/1/2025,BOSTON ROAD PLAZA,189,039,NY005095,FEDERAL,CONVENTIONAL,NEW CONST (ELD),0.0,212,235,744.0,255,255,0.8626,1.0,20,"84,030.8","15,045",132.0,"$7,125,145",$419,BRONX,1972-08-31,,EXCLUSIVELY,,,2024-09-26
1/1/2025,BOSTON SECOR,138,138,NY005060,FEDERAL,CONVENTIONAL,NEW CONST,0.0,509,538,"2,356.5","1,182","1,182",0.3733,4.0,13–14–17–18,"616,197.4","36,181",84.0,"$11,894,964",$621,BRONX,1969-04-30,,,,,2024-09-26
1/1/2025,BOULEVARD,046,046,NY005369,MIXED FINANCE/LLC2,CONVENTIONAL,NEW CONST,458.0,"1,424","1,441","5,952.0","1,759","2,611",0.0044,18.0,6-14,"1,026,328.2","170,051",111.0,"$13,645,438",$543,BROOKLYN,1951-03-22,,,,,2021-12-28
1/1/2025,BOYNTON AVENUE REHAB,346,032,NY005249,FEDERAL,TURNKEY,REHAB,0.0,81,82,362.5,165,165,0.4815,3.0,4–6,"30,846.8","16,455",233.0,"$4,943,129",$504,BRONX,1985-08-22,,,YES,,
1/1/2025,BRACETTI PLAZA,264,337,NY005185,FEDERAL,TURNKEY,NEW CONST,0.0,107,108,534.5,228,228,0.5686,1.0,7,"45,378.2","18,790",219.0,"$4,364,419",$654,MANHATTAN,1974-05-31,,,,,
1/1/2025,BREUKELEN,056,056,NY005011,FEDERAL,CONVENTIONAL,NEW CONST,0.0,"1,586","1,595","7,435.0","3,169","3,169",0.3979,30.0,3–7,"2,880,657.2","360,423",48.0,"$18,410,273",$667,BROOKLYN,1952-11-06,,,,,
1/1/2025,BREVOORT,065,065,NY005017,FEDERAL,CONVENTIONAL,NEW CONST,0.0,889,896,"4,167.5","1,737","1,737",0.3888,13.0,7,"737,986.8","121,363",103.0,"$11,831,887",$671,BROOKLYN,1955-08-10,,,,,
1/1/2025,BRONX RIVER,032,032,NY005220D,FEDERAL,CONVENTIONAL,NEW CONST,0.0,"1,243","1,246","5,935.5","2,746","2,746",0.4435,9.0,14,"581,608.7","84,235",206.0,"$12,719,000",$539,BRONX,1951-02-28,1978-07-01,,,,
1/1/2025,BRONX RIVER ADDITION,157,032,NY005220D,FEDERAL,CONVENTIONAL,NEW CONST (ELD),0.0,225,226,637.5,137,137,0.9024,2.0,6–14,"62,606.5","12,286",95.0,"$3,928,000",$350,BRONX,1966-02-28,1978-07-01,EXCLUSIVELY,,,
1/1/2025,BROWN,325,252,NY005277,FEDERAL,TURNKEY,NEW CONST (ELD),0.0,200,200,700.0,223,223,0.8687,2.0,6,"98,072.1","29,354",99.0,"$13,425,060",$458,BROOKLYN,1985-07-23,,EXCLUSIVELY,YES,,
1/1/2025,BROWNSVILLE,016,016,NY005213D,FEDERAL,CONVENTIONAL,NEW CONST,0.0,"1,334","1,338","6,270.0","2,744","2,744",0.3645,27.0,3–6–7,"736,860.5","188,564",162.0,"$12,898,000",$655,BROOKLYN,1948-04-16,1977-07-01,,,,
1/1/2025,BRYANT AVENUE-EAST 174TH STREET,235,530,NY005145,FEDERAL,TURNKEY,NEW CONST,0.0,72,72,284.0,145,145,0.4648,1.0,6,"23,139.6","9,879",273.0,"$2,132,334",$663,BRONX,1972-08-31,,,,YES,
1/1/2025,BUSHWICK,086,086,NY005370,MIXED FINANCE/LLC1,CONVENTIONAL,NEW CONST,209.0,"1,217","1,220","5,660.5","2,027","2,468",0.48,8.0,13–20,"638,087.2","78,768",168.0,"$20,346,000",$586,BROOKLYN,1960-04-01,,,,,
1/1/2025,BUSHWICK II (GROUPS A & C),302,247,NY005222,FEDERAL,TURNKEY,NEW CONST,,299,300,"1,446.5",,747,,25.0,3,"480,441.6","102,600",68.0,"$20,840,392",$542,BROOKLYN,1984-07-19,,,YES,,2019-07-18
1/1/2025,BUSHWICK II (GROUPS B & D),303,247,NY005240,FEDERAL,TURNKEY,NEW CONST,,300,300,"1,450.0",,726,,25.0,3,"388,749.3","102,600",81.0,"$19,608,177",$513,BROOKLYN,1984-07-05,,,YES,,2019-07-18
1/1/2025,BUSHWICK II CDA (GROUP E),324,247,NY005263,FEDERAL,TURNKEY,NEW CONST,,276,276,"1,212.0",,543,,5.0,3,"294,107.0","84,230",80.0,"$20,078,888",$473,BROOKLYN,1986-12-10,,,YES,,2019-07-18
1/1/2025,BUTLER,113,113,NY005362,FEDERAL,CONVENTIONAL,NEW CONST,0.0,"1,469","1,492","7,186.5","3,673","3,673",0.3836,6.0,21,"556,687.3","88,255",287.0,"$29,633,000",$606,BRONX,1964-12-31,1995-07-13,,,,
1/1/2025,CAMPOS PLAZA II,286,337,NY005264,FEDERAL,CONVENTIONAL,NEW CONST,0.0,223,224,"1,083.5",449,449,0.5093,2.0,9–17,"85,220.8","29,149",230.0,"$17,601,547",$792,MANHATTAN,1983-04-30,,,YES,,
1/1/2025,CAREY GARDENS,166,166,NY005088,FEDERAL,CONVENTIONAL,NEW CONST,0.0,679,683,"3,082.5","1,507","1,507",0.4434,3.0,15–17,"374,529.9","58,078",175.0,"$16,996,504",$597,BROOKLYN,1970-11-30,,,,,
1/1/2025,CARLETON MANOR,164,075,NY005073,FEDERAL,CONVENTIONAL,NEW CONST,0.0,169,174,728.5,326,326,0.4207,1.0,11,"143,563.2","14,051",99.0,"$3,373,126",$538,QUEENS,1967-03-31,,,,,
1/1/2025,CARVER,058,058,NY005220E,FEDERAL,CONVENTIONAL,NEW CONST,0.0,"1,245","1,246","5,765.5","2,470","2,470",0.4608,13.0,6–15,"580,373.7","97,568",185.0,"$24,155,000",$658,MANHATTAN,1958-02-14,1978-07-01,,,,
1/1/2025,CASSIDY-LAFAYETTE,206,117,NY005122,FEDERAL,TURNKEY,NEW CONST (ELD),0.0,378,380,"1,248.0",407,407,0.8953,4.0,6,"223,263.9","54,589",79.0,"$6,866,904",$369,STATEN ISLAND,1971-09-30,,EXCLUSIVELY,,,
1/1/2025,CASTLE HILL,080,080,NY005371,MIXED FINANCE/LLC1,CONVENTIONAL,NEW CONST,409.0,"2,022","2,025","9,759.0","3,436","4,375",0.4217,14.0,12–20,"1,745,665.9","176,917",109.0,"$28,454,000",$611,BRONX,1960-12-15,,,,,
1/1/2025,CHELSEA,134,134,NY005372,MIXED FINANCE/LLC1,CONVENTIONAL,NEW CONST,68.0,423,425,"1,905.5",679,822,0.4326,2.0,21,"76,942.9","18,557",465.0,"$8,776,000",$670,MANHATTAN,1964-05-31,,,,,
1/1/2025,CHELSEA ADDITION,176,134,NY005361,FEDERAL,CONVENTIONAL,NEW CONST (ELD),0.0,95,96,332.5,106,106,0.9634,1.0,14,"45,678.1","14,475",101.0,"$2,402,000",$410,MANHATTAN,1968-04-30,1995-07-13,EXCLUSIVELY,,,
1/1/2025,CLAREMONT PARKWAY-FRANKLIN AVENUE,334,342,NY005253,FEDERAL,TURNKEY,NEW CONST,,173,188,678.5,248,248,0.0068,3.0,3-7,"138,623.8","35,258",78.0,"$12,645,913",$388,BRONX,1986-12-16,,PARTIALLY (1 BUILDING),YES,,2023-09-28
1/1/2025,CLAREMONT REHAB (GROUP 2),307,308,NY005246,FEDERAL,TURNKEY,REHAB,0.0,106,107,455.0,218,218,0.4242,6.0,5–6,"32,669.1","21,948",291.0,"$11,430,362",$511,BRONX,1987-12-31,,,YES,,
1/1/2025,CLAREMONT REHAB (GROUP 3),308,308,NY005223,FEDERAL,TURNKEY,REHAB,0.0,106,115,467.0,222,222,0.3571,5.0,5,"35,880.0","21,985",270.0,"$7,234,594",$579,BRONX,1985-02-28,,,YES,,
1/1/2025,CLAREMONT REHAB (GROUP 4),335,308,NY005273,FEDERAL,TURNKEY,REHAB,0.0,136,150,605.0,272,272,0.3571,9.0,4–5,"47,580.4","29,519",249.0,"$10,283,674",$584,BRONX,1986-10-23,,,YES,,
1/1/2025,CLAREMONT REHAB (GROUP 5),336,308,NY005274,FEDERAL,TURNKEY,REHAB,0.0,126,135,548.0,243,243,0.375,3.0,5,"54,966.7","28,605",193.0,"$8,551,169",$661,BRONX,1985-11-30,,,YES,,
1/1/2025,CLASON POINT GARDENS,011,088,NY005007,FEDERAL,CONVENTIONAL,NEW CONST,0.0,399,401,"1,883.5",785,785,0.4474,46.0,2,"736,462.4","154,304",46.0,"$2,067,000",$730,BRONX,1941-12-20,,,,,
1/1/2025,CLINTON,123,123,NY005045,FEDERAL,CONVENTIONAL,NEW CONST,0.0,747,749,"3,519.5","1,571","1,571",0.4693,6.0,9–18,"237,077.1","51,879",289.0,"$16,774,779",$649,MANHATTAN,1965-10-31,,,,,
1/1/2025,COLLEGE AVENUE-EAST 165TH STREET,236,308,NY005148,FEDERAL,TURNKEY,NEW CONST (ELD),0.0,92,95,297.0,101,101,0.9101,1.0,6,"23,313.3","10,022",189.0,"$2,518,156",$337,BRONX,1972-07-31,,EXCLUSIVELY,,,
1/1/2025,CONEY ISLAND,094,170,NY005363,FEDERAL,CONVENTIONAL,NEW CONST,0.0,532,534,"2,433.0",989,989,0.4798,5.0,14,"240,354.4","38,119",179.0,"$7,728,534",$660,BROOKLYN,1957-02-25,1995-07-13,,,,
1/1/2025,CONEY ISLAND I (SITE 1B),239,166,NY005161,FEDERAL,TURNKEY,NEW CONST,0.0,193,193,954.5,425,425,0.453,1.0,18,"95,454.5","14,078",194.0,"$7,531,412",$596,BROOKLYN,1973-05-31,,,,,
1/1/2025,CONEY ISLAND I (SITE 8),238,172,NY005157,FEDERAL,TURNKEY,NEW CONST,0.0,123,125,621.5,263,263,0.3656,1.0,14,"67,728.2","11,970",169.0,"$5,853,893",$570,BROOKLYN,1973-12-31,,,,,
1/1/2025,CONEY ISLAND I (SITES 4 & 5),216,170,NY005123,FEDERAL,TURNKEY,NEW CONST,0.0,373,376,"1,865.5",889,889,0.3955,1.0,17,"187,028.0","38,750",207.0,"$16,603,000",$678,BROOKLYN,1974-07-31,,,,,
1/1/2025,CONLON LIHFE TOWER,232,091,NY005137,FEDERAL,TURNKEY,NEW CONST (ELD),0.0,214,216,701.0,237,237,0.9024,1.0,13,"51,410.1","11,294",201.0,"$5,835,896",$405,QUEENS,1973-03-31,,EXCLUSIVELY,,,
1/1/2025,COOPER PARK,069,069,NY005023,FEDERAL,CONVENTIONAL,NEW CONST,0.0,698,700,"3,270.0","1,448","1,448",0.4567,11.0,7,"539,446.7","86,767",117.0,"$7,702,277",$653,BROOKLYN,1953-06-25,,,,,
1/1/2025,CORSI HOUSES,199,064,NY005149,FEDERAL,CONVENTIONAL,NEW CONST (ELD),0.0,171,171,512.5,167,167,0.8571,1.0,16,"33,635.7","20,446",216.0,"$6,600,521",$343,MANHATTAN,1973-11-30,,EXCLUSIVELY,,,
1/1/2025,CROWN HEIGHTS,312,351,NY005258,FEDERAL,TURNKEY,REHAB,,116,121,508.0,231,231,0.0033,8.0,4,"52,283.2","31,650",192.0,"$7,974,650",$688,BROOKLYN,1986-09-04,,,YES,,2023-11-28
1/1/2025,CYPRESS HILLS,070,070,NY005220G,FEDERAL,CONVENTIONAL,NEW CONST,0.0,"1,436","1,444","6,576.0","2,824","2,824",0.4202,15.0,7,"1,252,342.9","223,364",98.0,"$14,773,000",$585,BROOKLYN,1955-05-25,1978-07-01,,,,
1/1/2025,DAVIDSON,190,342,NY005096A,FEDERAL,CONVENTIONAL,NEW CONST,,173,175,830.5,430,430,0.0043,1.0,8,"85,464.3","24,796",219.0,"$8,704,709",$590,BRONX,1973-08-31,,PARTIALLY (1 STAIRHALL),,,2023-09-28
1/1/2025,DE HOSTOS APARTMENTS,155,155,NY005066,FEDERAL,CONVENTIONAL,NEW CONST,0.0,215,223,938.5,438,438,0.4857,1.0,22,"34,310.5","10,319",556.0,"$4,044,899",$598,MANHATTAN,1969-03-28,,,,,
1/1/2025,DOUGLASS,"082, 582",082,NY005244B,FEDERAL,CONVENTIONAL,NEW CONST,,"2,048","2,058","9,176.0","3,904","3,904",0.0046,17.0,5–9–12–17–18–20,"866,621.7","138,552",196.0,"$37,441,000",$645,MANHATTAN,1958-09-25,1979-08-01,,,,
1/1/2025,DOUGLASS ADDITION,148,082,NY005244B,FEDERAL,CONVENTIONAL,NEW CONST,0.0,133,135,660.5,287,287,0.464,1.0,16,"25,272.8","8,884",495.0,"$3,783,000",$662,MANHATTAN,1965-06-30,1979-08-01,,,,
1/1/2025,DOUGLASS I,082,082,NY005244B,FEDERAL,CONVENTIONAL,NEW CONST,0.0,"1,294","1,305","5,769.0","2,406","2,406",0.4696,11.0,5–9–12–17–20,"516,560.2","94,508",203.0,"$22,701,754",$620,MANHATTAN,1958-09-25,1979-08-01,,,,
1/1/2025,DOUGLASS II,582,082,NY005244B,FEDERAL,CONVENTIONAL,NEW CONST,0.0,750,753,"3,457.0","1,498","1,498",0.451,6.0,9–12–17–18–20,"350,061.5","44,044",186.0,"$14,739,246",$686,MANHATTAN,1958-09-25,1979-08-01,,,,
1/1/2025,DREW-HAMILTON,111,111,NY005373,MIXED FINANCE/LLC1,CONVENTIONAL,NEW CONST,278.0,"1,211","1,217","5,344.5","1,839","2,345",0.4332,5.0,21,"298,347.5","74,433",342.0,"$25,146,000",$576,MANHATTAN,1965-09-30,,,,,
1/1/2025,DYCKMAN,041,041,NY005183A,FEDERAL,CONVENTIONAL,NEW CONST,0.0,"1,163","1,167","5,042.5","1,966","1,966",0.5338,7.0,14,"566,569.9","80,457",151.0,"$14,202,915",$626,MANHATTAN,1951-04-25,1972-06-29,,,,
1/1/2025,EAGLE AVENUE-EAST 163RD STREET,224,059,NY005165,FEDERAL,TURNKEY,NEW CONST,,66,66,279.0,138,138,0.0037,1.0,6,"28,363.0","9,828",212.0,"$1,710,901",$530,BRONX,1971-05-31,,,,,2023-09-28
1/1/2025,EAST 152ND STREET-COURTLANDT AVENUE,237,028,NY005154,FEDERAL,TURNKEY,NEW CONST,0.0,221,221,913.5,326,326,0.7056,2.0,11–14,"64,403.7","21,301",220.0,"$7,717,944",$515,BRONX,1973-08-31,,PARTIALLY (1 BUILDING),,,
1/1/2025,EAST 165TH STREET-BRYANT AVENUE,304,530,NY005226,FEDERAL,TURNKEY,NEW CONST,0.0,111,111,588.5,347,347,0.1818,5.0,3,"143,200.4","41,134",106.0,"$8,178,643",$778,BRONX,1987-10-31,,,YES,YES,
1/1/2025,EAST 173RD STREET-VYSE AVENUE,338,530,NY005252,FEDERAL,TURNKEY,NEW CONST,0.0,168,168,758.0,364,364,0.3148,7.0,3,"195,177.7","59,524",81.0,"$12,629,936",$714,BRONX,1987-10-31,,,YES,YES,
1/1/2025,EAST 180TH STREET-MONTEREY AVENUE,208,180,NY005124,FEDERAL,CONVENTIONAL,NEW CONST,0.0,239,239,"1,052.5",474,474,0.4615,1.0,10,"71,458.5","30,800",289.0,"$8,727,000",$559,BRONX,1973-09-30,,,,,2025-06-24
1/1/2025,EAST NEW YORK CITY LINE,263,070,NY005171,FEDERAL,TURNKEY,NEW CONST,0.0,66,66,409.0,250,250,0.3485,33.0,3,"85,226.3","26,943",128.0,"$2,774,644",$726,BROOKLYN,1976-03-31,,,,,
1/1/2025,EAST RIVER,009,009,NY005005,FEDERAL,CONVENTIONAL,NEW CONST,0.0,"1,150","1,170","4,826.0","2,020","2,020",0.4294,10.0,6–10–11,"465,829.6","112,140",189.0,"$5,304,700",$560,MANHATTAN,1941-05-20,,,,,
1/1/2025,EASTCHESTER GARDENS,034,034,NY005114A,FEDERAL,CONVENTIONAL,NEW CONST,0.0,874,877,"4,235.0","1,806","1,806",0.4315,10.0,7–8,"599,719.0","115,918",131.0,"$9,514,000",$604,BRONX,1950-06-01,1968-08-29,,,,2025-03-27
1/1/2025,EDENWALD,057,057,NY005019,FEDERAL,CONVENTIONAL,NEW CONST,,"2,035","2,039","9,411.0","4,783","4,783",0.0032,40.0,3-14,"2,373,791.0","344,433",88.0,"$22,862,156",$584,BRONX,1953-10-30,,,,,2023-06-27
1/1/2025,ELLIOTT,015,134,NY005181C,FEDERAL,CONVENTIONAL,NEW CONST,0.0,604,608,"2,833.0","1,163","1,163",0.438,4.0,11–12,"161,696.6","45,023",313.0,"$5,042,342",$668,MANHATTAN,1947-07-15,1972-06-29,,,,
1/1/2025,FARRAGUT,029,029,NY005220C,FEDERAL,CONVENTIONAL,NEW CONST,0.0,"1,383","1,390","6,484.5","2,743","2,743",0.4272,10.0,14,"729,556.5","100,746",164.0,"$15,187,000",$643,BROOKLYN,1952-05-07,1978-07-01,,,,
1/1/2025,FENIMORE-LEFFERTS,205,167,NY005129,FEDERAL,TURNKEY,NEW CONST,,35,36,175.5,86,86,0.0038,18.0,2,"35,483.1","20,339",106.0,"$633,673",$805,BROOKLYN,1969-09-30,,,YES,,2023-11-28
1/1/2025,FHA REPOSSESSED HOUSES (GROUP I),209,091,NY005140,FEDERAL,CONVENTIONAL,REHAB,0.0,23,23,116.5,18,18,0.5714,20.0,1–2,"52,507.9",,15.0,"$872,178",$901,QUEENS,1969-10-31,,,YES,,
1/1/2025,FHA REPOSSESSED HOUSES (GROUP II),212,091,NY005155,FEDERAL,CONVENTIONAL,REHAB,0.0,11,11,58.5,19,19,0.25,10.0,1–2–3,"28,327.0",,29.0,"$638,109","$1,308",BRONX/QUEENS,1970-09-30,,,YES,,
1/1/2025,FHA REPOSSESSED HOUSES (GROUP III),213,091,NY005158,FEDERAL,CONVENTIONAL,REHAB,0.0,11,11,59.5,15,15,0.6,10.0,1–2,"26,362.0",,25.0,"$391,158",$948,BRONX/QUEENS,1971-04-30,,,YES,,
1/1/2025,FHA REPOSSESSED HOUSES (GROUP IV),226,091,NY005159,FEDERAL,CONVENTIONAL,REHAB,0.0,9,9,51.5,13,13,0.5556,9.0,1–2–3,"26,229.0",,22.0,"$535,873","$1,106",BRONX/QUEENS,1971-06-30,,,YES,,
1/1/2025,FHA REPOSSESSED HOUSES (GROUP IX),283,091,NY005206,FEDERAL,CONVENTIONAL,REHAB,0.0,27,27,126.5,23,23,0.6429,12.0,1–1.5–2–2.5–3,"27,532.0",,36.0,"$920,558","$1,020",BROOKLYN/QUEENS,1983-01-31,,,YES,,
1/1/2025,FHA REPOSSESSED HOUSES (GROUP V),260,091,NY005182,FEDERAL,CONVENTIONAL,REHAB,0.0,32,32,166.0,50,50,0.56,28.0,1–2–3,"95,855.0",,23.0,"$1,241,649",$940,BROOKLYN/QUEENS,1972-09-30,,,YES,,
1/1/2025,FHA REPOSSESSED HOUSES (GROUP VI),273,091,NY005199,FEDERAL,CONVENTIONAL,REHAB,0.0,7,7,36.5,4,4,1.0,6.0,1–1.5–2–2.5,"16,337.1",,11.0,"$369,711",$731,QUEENS,1976-07-31,,,YES,,
1/1/2025,FHA REPOSSESSED HOUSES (GROUP VII),274,091,NY005197,FEDERAL,CONVENTIONAL,REHAB,0.0,5,5,29.5,6,6,0.75,5.0,1–1.5–2–2.5,"14,530.0",,18.0,"$453,780",$678,QUEENS,1976-07-31,,,YES,,
1/1/2025,FHA REPOSSESSED HOUSES (GROUP VIII),275,091,NY005198,FEDERAL,CONVENTIONAL,REHAB,0.0,7,7,38.5,10,10,0.3333,7.0,1–1.5–2–2.5,"20,081.2",,22.0,"$323,522",$864,QUEENS,1976-07-31,,,YES,,
1/1/2025,FHA REPOSSESSED HOUSES (GROUP X),284,091,NY005212,FEDERAL,CONVENTIONAL,REHAB,0.0,17,17,92.5,25,25,0.5833,16.0,1–1.5–2–2.5,"48,795.4",,22.0,"$2,074,109",$685,QUEENS,1983-01-31,,,YES,,
1/1/2025,FIORENTINO PLAZA,207,261,NY005188,FEDERAL,CONVENTIONAL,NEW CONST,,158,160,774.5,438,438,0.0022,8.0,4,"98,097.8","42,189",194.0,"$6,138,432",$577,BROOKLYN,1971-10-31,,,,,2021-12-28
1/1/2025,FIRST HOUSES,001,337,NY005181A,FEDERAL,CONVENTIONAL,NEW CONST,0.0,125,126,444.5,116,116,0.5195,8.0,4–5,"53,675.7","24,540",94.0,"$1,384,643",$592,MANHATTAN,1936-05-31,1972-06-29,,YES,,
1/1/2025,FOREST,059,059,NY005220F,FEDERAL,CONVENTIONAL,NEW CONST,0.0,"1,348","1,350","6,152.0","2,683","2,683",0.424,15.0,9–10–14,"758,861.5","125,002",154.0,"$19,576,000",$588,BRONX,1956-11-12,1978-07-01,,,,
1/1/2025,FORT INDEPENDENCE STREET-HEATH AVENUE,197,197,NY005110,FEDERAL,TURNKEY,NEW CONST,0.0,341,344,"1,504.5",670,670,0.4829,1.0,21,"151,365.0","25,162",193.0,"$10,566,070",$551,BRONX,1974-11-30,,,,,2025-06-24
1/1/2025,FORT WASHINGTON AVENUE REHAB,309,309,NY005266,FEDERAL,TURNKEY,REHAB (ELD),,226,226,814.0,275,275,0.0091,1.0,7,"113,818.6","43,735",105.0,"$16,237,236",$318,MANHATTAN,1985-10-01,,EXCLUSIVELY,YES,,2020-11-30
1/1/2025,FRANKLIN AVENUE I CONVENTIONAL,525,531,NY005314,FEDERAL,CONVENTIONAL,REHAB,,60,61,264.0,,130,,3.0,5,"30,403.5","10,811",186.0,"$5,015,464",$491,BRONX,1994-08-31,,,YES,YES,2018-11-30
1/1/2025,FRANKLIN AVENUE II CONVENTIONAL,531,531,NY005346,FEDERAL,CONVENTIONAL,REHAB,,45,45,196.5,,92,,3.0,5,"18,889.8","8,080",212.0,"$3,401,250",$386,BRONX,1994-08-31,,,YES,YES,2018-11-30
1/1/2025,FRANKLIN AVENUE III CONVENTIONAL,524,531,NY005348,FEDERAL,CONVENTIONAL,REHAB,,15,15,65.5,,36,,1.0,5,"4,495.3","2,803",349.0,"$1,189,930",$450,BRONX,1994-08-31,,,YES,YES,2018-11-30
1/1/2025,FULTON,136,136,NY005053,FEDERAL,CONVENTIONAL,NEW CONST,0.0,944,944,"4,223.0","1,809","1,809",0.4977,11.0,6–25,"270,743.1","70,645",291.0,"$20,727,847",$756,MANHATTAN,1965-03-31,,,,,
1/1/2025,GARVEY (GROUP A),252,252,NY005166,FEDERAL,CONVENTIONAL,NEW CONST,0.0,320,321,"1,525.0",793,793,0.4051,3.0,2—6–14,"147,049.1","40,745",235.0,"$12,599,489",$718,BROOKLYN,1975-02-28,,PARTIALLY (1 BUILDING),,,
1/1/2025,GLEBE AVENUE-WESTCHESTER AVENUE,225,067,NY005147,FEDERAL,TURNKEY,NEW CONST (ELD),0.0,131,132,434.5,125,125,0.9043,1.0,6,"47,071.1","18,734",116.0,"$3,356,367",$407,BRONX,1971-12-31,,EXCLUSIVELY,,,
1/1/2025,GLENMORE PLAZA,171,169,NY005267C,FEDERAL,CONVENTIONAL,NEW CONST,0.0,432,440,"1,672.0",757,757,0.5025,4.0,10–18–24,"186,561.1","24,838",177.0,"$10,600,000",$573,BROOKLYN,1968-04-30,1980-07-01,,,,
1/1/2025,GLENWOOD,044,044,NY005268B,FEDERAL,CONVENTIONAL,NEW CONST,0.0,"1,186","1,188","5,207.0","2,252","2,252",0.3989,20.0,6,"926,690.5","183,856",106.0,"$12,907,133",$666,BROOKLYN,1950-07-14,1980-07-01,,,,
1/1/2025,GOMPERS,100,100,NY005032,FEDERAL,CONVENTIONAL,NEW CONST,0.0,472,474,"2,195.0",966,966,0.4866,2.0,20,"162,107.6","24,555",260.0,"$9,322,807",$654,MANHATTAN,1964-04-30,,,,,
1/1/2025,GOWANUS,025,025,NY005213G,FEDERAL,CONVENTIONAL,NEW CONST,0.0,"1,131","1,139","5,408.5","2,247","2,247",0.4523,15.0,4–6–9–13–14,"500,001.5","105,659",196.0,"$11,928,000",$713,BROOKLYN,1949-06-24,1977-07-01,,,,
1/1/2025,GRAMPION,281,030,NY005210,FEDERAL,CONVENTIONAL,REHAB,,33,35,148.5,68,68,0.0016,1.0,7,"7,461.9","5,000",397.0,"$817,621",$613,MANHATTAN,1977-05-17,,,YES,,2020-11-30
1/1/2025,GRANT,087,087,NY005030,FEDERAL,CONVENTIONAL,NEW CONST,0.0,"1,939","1,940","9,133.5","3,804","3,804",0.4151,9.0,13–21,"664,302.8","101,477",249.0,"$28,783,425",$678,MANHATTAN,1957-10-31,,,,,
1/1/2025,GRAVESEND,068,172,NY005025,FEDERAL,CONVENTIONAL,NEW CONST,0.0,633,634,"2,947.5","1,343","1,343",0.432,15.0,7,"539,230.0","92,855",108.0,"$7,927,996",$587,BROOKLYN,1954-06-28,,,,,
1/1/2025,GUN HILL,040,040,NY005267A,FEDERAL,CONVENTIONAL,NEW CONST,0.0,727,733,"3,106.5","1,365","1,365",0.4487,6.0,14,"321,165.3","54,684",185.0,"$8,709,286",$655,BRONX,1950-11-30,1980-07-01,,,,
1/1/2025,HABER,142,166,NY005271D,FEDERAL,CONVENTIONAL,NEW CONST (ELD),0.0,380,380,"1,327.0",412,412,0.9526,3.0,14,"137,508.1","23,903",131.0,"$7,494,000",$355,BROOKLYN,1965-06-30,1980-10-01,EXCLUSIVELY,,,
1/1/2025,HAMMEL,075,075,NY005027,FEDERAL,CONVENTIONAL,NEW CONST,0.0,703,712,"3,267.5","1,510","1,510",0.4024,14.0,7,"616,450.1","107,706",107.0,"$9,618,901",$546,QUEENS,1955-04-20,,,,,
1/1/2025,HARBORVIEW TERRACE,262,022,NY005168,FEDERAL,TURNKEY,NEW CONST,0.0,376,377,"1,490.0",559,559,0.6872,2.0,14–15,"122,770.8","22,666",198.0,"$16,721,224",$620,MANHATTAN,1977-06-30,,PARTIALLY (1 BUILDING),,,
1/1/2025,HARLEM RIVER,003,003,NY005042,FEDERAL,CONVENTIONAL,NEW CONST,,574,577,"2,179.5","1,077","1,077",0.0034,7.0,4-5,"318,887.1","103,777",147.0,"$4,147,782",$536,MANHATTAN,1937-10-01,,,,,2022-02-17
1/1/2025,HARLEM RIVER II,147,003,NY005051,FEDERAL,CONVENTIONAL,NEW CONST,,116,116,507.0,285,285,0.0034,1.0,15,"29,964.9","7,281",414.0,"$2,605,601",$624,MANHATTAN,1965-10-31,,,,,2022-02-17
1/1/2025,HARRISON AVENUE REHAB (GROUP A),347,341,NY005231,FEDERAL,TURNKEY,REHAB,0.0,34,34,146.0,67,67,0.6452,1.0,5,"9,576.1","6,698",305.0,"$2,368,803",$501,BRONX,1986-09-01,,,YES,YES,2025-06-24
1/1/2025,HARRISON AVENUE REHAB (GROUP B),547,341,NY005287,FEDERAL,TURNKEY,REHAB,0.0,150,150,664.0,283,283,0.4403,4.0,5–6,"48,112.4","29,954",256.0,"$10,059,298",$578,BRONX,1986-12-01,,,YES,YES,2025-06-24
1/1/2025,HERNANDEZ,184,100,NY005085,FEDERAL,CONVENTIONAL,NEW CONST,0.0,149,149,601.5,229,229,0.6343,1.0,17,"45,785.4","13,167",218.0,"$3,731,491",$540,MANHATTAN,1971-08-31,,,,,
1/1/2025,HIGHBRIDGE GARDENS,078,078,NY005026,FEDERAL,CONVENTIONAL,NEW CONST,0.0,699,700,"3,247.5","1,406","1,406",0.4006,6.0,13–14,"500,854.1","55,678",122.0,"$7,547,875",$649,BRONX,1954-06-18,,,,,
1/1/2025,HIGHBRIDGE REHABS (ANDERSON AVENUE),370,531,NY005312,FEDERAL,TURNKEY,REHAB,,135,135,640.5,,364,,4.0,5-6,"36,946.0","27,249",429.0,"$13,271,641",$432,BRONX,1997-04-30,,,YES,YES,2018-11-30
1/1/2025,HIGHBRIDGE REHABS (NELSON AVENUE),371,531,NY005313,FEDERAL,TURNKEY,REHAB,,80,80,380.0,,212,,3.0,5-6,"38,112.6","18,840",242.0,"$8,428,841",$543,BRONX,1996-10-31,,,YES,YES,2018-11-30
1/1/2025,HOE AVENUE-EAST 173RD STREET,215,530,NY005164,FEDERAL,TURNKEY,NEW CONST,0.0,65,65,270.5,132,132,0.2787,1.0,6,"22,426.9","9,242",256.0,"$1,583,566",$664,BRONX,1970-12-31,,,,YES,
1/1/2025,HOLMES TOWERS,159,139,NY005069,FEDERAL,CONVENTIONAL,NEW CONST,0.0,534,537,"2,061.0",861,861,0.5117,2.0,25,"119,471.9","19,872",314.0,"$10,435,545",$597,MANHATTAN,1969-04-30,,,,,
1/1/2025,HOPE GARDENS,247,247,NY005218,FEDERAL,CONVENTIONAL,NEW CONST,,324,330,"1,404.5",,702,,4.0,7-14,"198,344.9","41,000",154.0,"$20,632,339",$456,BROOKLYN,1981-08-31,,PARTIALLY,YES,,2019-07-18
1/1/2025,HOWARD,072,072,NY005244A,FEDERAL,CONVENTIONAL,NEW CONST,0.0,810,815,"3,686.0","1,707","1,707",0.446,10.0,7–13,"620,389.6","87,500",120.0,"$11,359,000",$494,BROOKLYN,1955-12-30,1979-08-01,,,,
1/1/2025,HOWARD AVENUE,339,351,NY005261,FEDERAL,TURNKEY,NEW CONST,,143,150,648.5,336,336,0.0034,5.0,3,"139,836.1","50,568",105.0,"$11,464,557",$699,BROOKLYN,1988-08-01,,,YES,,2023-11-28
1/1/2025,HOWARD AVENUE-PARK PLACE,365,351,NY005225,FEDERAL,TURNKEY,NEW CONST,,148,156,742.0,394,394,0.003,8.0,3,"201,828.9","54,978",85.0,"$15,843,706",$681,BROOKLYN,1994-08-31,,,YES,,2023-11-28
1/1/2025,HUGHES APARTMENTS,168,168,NY005081,FEDERAL,CONVENTIONAL,NEW CONST,0.0,503,513,"2,399.5","1,229","1,229",0.3455,3.0,22,"238,734.3","23,502",224.0,"$10,288,064",$696,BROOKLYN,1968-06-30,,,,,
1/1/2025,HUNTS POINT AVENUE REHAB,367,530,NY005299,FEDERAL,TURNKEY,REHAB,0.0,131,131,605.5,306,306,0.296,13.0,4–5,"59,077.8","35,180",226.0,"$13,280,604",$619,BRONX,1991-11-30,,,YES,YES,
1/1/2025,HYLAN,109,086,NY005364,FEDERAL,CONVENTIONAL,NEW CONST,0.0,209,209,933.5,405,405,0.4646,1.0,19,"73,935.7","11,403",239.0,"$3,945,608",$610,BROOKLYN,1960-06-30,1995-07-13,,,,
1/1/2025,INDEPENDENCE,140,234,NY005376,MIXED FINANCE/LLC2,CONVENTIONAL,NEW CONST,108.0,742,744,"3,302.0",,"1,791",,6.0,21,"245,417.7","44,685",318.0,"$14,543,000",$426,BROOKLYN,1965-10-31,,,,,2020-02-12
1/1/2025,INGERSOLL,014,014,NY005213B,FEDERAL,CONVENTIONAL,NEW CONST,0.0,"1,820","1,840","8,646.0","3,579","3,579",0.3704,20.0,6–11,"988,915.2","175,748",158.0,"$12,236,672",$667,BROOKLYN,1944-02-24,1977-07-01,,,,
1/1/2025,INTERNATIONAL TOWER,316,091,NY005241,FEDERAL,TURNKEY,NEW CONST (ELD),0.0,146,159,520.0,174,174,0.9007,1.0,10,"42,698.7","12,689",178.0,"$10,992,764",$457,QUEENS,1983-05-31,,EXCLUSIVELY,YES,,
1/1/2025,ISAACS,139,139,NY005057,FEDERAL,CONVENTIONAL,NEW CONST,0.0,633,636,"2,634.5","1,131","1,131",0.5148,3.0,24,"159,193.4","32,645",309.0,"$13,251,410",$615,MANHATTAN,1965-07-31,,,,,
1/1/2025,JACKSON,120,267,NY005043,FEDERAL,CONVENTIONAL,NEW CONST,0.0,864,868,"4,115.0","1,832","1,832",0.4025,7.0,16,"342,363.4","59,552",233.0,"$14,850,303",$568,BRONX,1963-07-31,,,,,
1/1/2025,JEFFERSON,064,064,NY005016,FEDERAL,CONVENTIONAL,NEW CONST,0.0,"1,476","1,493","6,896.0","2,932","2,932",0.4433,18.0,7–13–14,"758,793.8","149,778",168.0,"$26,894,981",$646,MANHATTAN,1959-08-28,,,,,
1/1/2025,JOHNSON,017,017,NY005213H,FEDERAL,CONVENTIONAL,NEW CONST,0.0,"1,296","1,310","6,121.0","2,699","2,699",0.4114,10.0,14,"462,432.6","97,804",254.0,"$14,348,000",$676,MANHATTAN,1948-12-27,1977-07-01,,,,
1/1/2025,KING TOWERS,030,030,NY005213J,FEDERAL,CONVENTIONAL,NEW CONST,0.0,"1,378","1,379","6,347.0","2,624","2,624",0.4291,10.0,13–14,"563,907.8","98,822",203.0,"$19,859,000",$645,MANHATTAN,1954-11-01,1977-07-01,,,,
1/1/2025,KINGSBOROUGH,010,010,NY005006,FEDERAL,CONVENTIONAL,NEW CONST,0.0,"1,155","1,165","4,711.5","2,230","2,230",0.3967,16.0,6,"704,895.3","129,189",138.0,"$5,175,100",$633,BROOKLYN,1941-10-31,,,,,
1/1/2025,KINGSBOROUGH EXTENSION,161,010,NY005071,FEDERAL,CONVENTIONAL,NEW CONST (ELD),0.0,183,184,640.5,213,213,0.8889,1.0,25,"64,407.7","7,110",144.0,"$2,986,383",$431,BROOKLYN,1966-05-31,,EXCLUSIVELY,,,
1/1/2025,LA GUARDIA,076,076,NY005021,FEDERAL,CONVENTIONAL,NEW CONST,0.0,"1,091","1,094","5,098.5","2,196","2,196",0.4808,9.0,16,"465,320.7","63,621",206.0,"$17,157,591",$711,MANHATTAN,1957-08-08,,,,,
1/1/2025,LA GUARDIA ADDITION,152,076,NY005061,FEDERAL,CONVENTIONAL,NEW CONST (ELD),0.0,149,150,491.5,177,177,0.9185,1.0,16,"14,697.3","5,618",525.0,"$2,876,132",$356,MANHATTAN,1965-08-31,,EXCLUSIVELY,,,
1/1/2025,LA PRECIOSA,590,,,MIXED FINANCE/NON-NYCHA DEVELOPMENT,CONVENTIONAL,NEW CONST,,21,49,,,,,1.0,7,,,,,,BRONX,,,,,YES,
1/1/2025,LAFAYETTE,122,122,NY005047,FEDERAL,CONVENTIONAL,NEW CONST,0.0,881,882,"4,379.5","2,076","2,076",0.4319,7.0,13–15–20,"340,979.2","58,504",265.0,"$14,689,766",$681,BROOKLYN,1962-07-31,,,,,
1/1/2025,LATIMER GARDENS,186,186,NY005093,FEDERAL,CONVENTIONAL,NEW CONST,0.0,421,423,"1,700.5",752,752,0.5205,4.0,10,"170,683.2","40,077",192.0,"$9,310,959",$622,QUEENS,1970-09-30,,,,,
1/1/2025,LAVANBURG HOMES,310,310,NY005248,FEDERAL,CONVENTIONAL,REHAB,,95,104,391.5,,,,1.0,6,,"12,882",,"$5,742,000",,MANHATTAN,1984-09-26,,,,,
1/1/2025,LEAVITT STREET-34TH AVENUE,201,186,NY005191,FEDERAL,TURNKEY,NEW CONST (ELD),0.0,83,83,272.5,95,95,0.9383,1.0,6,"20,783.9","8,465",199.0,"$2,606,744",$343,QUEENS,1974-10-31,,EXCLUSIVELY,,,
1/1/2025,LEHMAN VILLAGE,101,101,NY005033,FEDERAL,CONVENTIONAL,NEW CONST,0.0,616,622,"2,889.0","1,311","1,311",0.4505,4.0,20,"178,009.6","28,904",321.0,"$11,549,370",$598,MANHATTAN,1963-11-30,,,,,
1/1/2025,LENOX ROAD-ROCKAWAY PARKWAY,348,167,NY005292,FEDERAL,TURNKEY,REHAB,,71,74,316.5,151,151,0.0041,3.0,4,"25,136.2","18,791",262.0,"$4,669,919",$604,BROOKLYN,1985-09-01,,,YES,,2023-11-28
1/1/2025,LEXINGTON,050,062,NY005183C,FEDERAL,CONVENTIONAL,NEW CONST,0.0,445,448,"1,888.5",773,773,0.5012,4.0,14,"154,371.3","35,222",218.0,"$4,780,152",$650,MANHATTAN,1951-03-16,1972-06-29,,,,
1/1/2025,LINCOLN,020,020,NY005213E,FEDERAL,CONVENTIONAL,NEW CONST,0.0,"1,283","1,286","6,113.5","2,474","2,474",0.4121,14.0,6–14,"508,269.3","106,738",212.0,"$14,324,000",$637,MANHATTAN,1948-12-29,1977-07-01,,,,
1/1/2025,LINDEN,095,095,NY005377,MIXED FINANCE/LLC2,CONVENTIONAL,NEW CONST,491.0,"1,586","1,586","7,297.5","2,117","3,462",0.0038,19.0,8-14,"1,224,449.9","173,020",123.0,"$20,230,969",$591,BROOKLYN,1958-07-17,,,,,2021-12-28
1/1/2025,LONG ISLAND BAPTIST HOUSES,276,261,NY005201,FEDERAL,CONVENTIONAL,REHAB,0.0,228,232,"1,035.0",439,439,0.2969,4.0,6,"128,368.2","37,700",149.0,"$11,627,063",$642,BROOKLYN,1981-06-30,,,YES,,
1/1/2025,LONGFELLOW AVENUE REHAB,362,530,NY005295,FEDERAL,TURNKEY,REHAB,0.0,75,75,412.5,246,246,0.2192,2.0,5,"26,928.9","16,773",398.0,"$7,044,209",$765,BRONX,1990-10-31,,,YES,YES,
1/1/2025,LOW HOUSES,169,169,NY005082,FEDERAL,CONVENTIONAL,NEW CONST,0.0,529,536,"2,517.5","1,221","1,221",0.3524,4.0,17–18,"268,821.1","45,163",198.0,"$10,312,262",$615,BROOKLYN,1967-12-31,,,,,
1/1/2025,LOWER EAST SIDE I INFILL,326,100,NY005259,FEDERAL,TURNKEY,NEW CONST,0.0,189,189,777.5,320,320,0.6393,5.0,4–9,"91,266.3","37,227",153.0,"$14,369,576",$602,MANHATTAN,1988-06-01,,PARTIALLY (1 BUILDING),YES,,
1/1/2025,LOWER EAST SIDE II,337,337,NY005262,FEDERAL,TURNKEY,NEW CONST,0.0,186,188,838.0,388,388,0.462,4.0,3,"168,043.7","59,808",101.0,"$14,709,271",$717,MANHATTAN,1988-11-01,,,YES,,
1/1/2025,LOWER EAST SIDE III,364,359,NY005215,FEDERAL,TURNKEY,NEW CONST,0.0,56,56,280.0,129,129,0.3396,2.0,4,"44,802.9","22,801",125.0,"$7,324,340",$843,MANHATTAN,1997-04-30,,,YES,YES,
1/1/2025,LOWER EAST SIDE REHAB (GROUP 5),292,337,NY005233,FEDERAL,TURNKEY,REHAB,0.0,52,55,218.0,103,103,0.3922,2.0,6,"18,576.1","10,275",242.0,"$4,322,735",$707,MANHATTAN,1986-12-01,,,YES,,
1/1/2025,MANHATTANVILLE,081,081,NY005378,MIXED FINANCE/LLC1,CONVENTIONAL,NEW CONST,204.0,"1,216","1,272","5,751.0","2,205","2,663",0.4255,6.0,20,"530,334.9","83,754",219.0,"$25,774,000",$592,MANHATTAN,1961-06-30,,,,,2024-12-12
1/1/2025,MANHATTANVILLE REHAB (GROUP 2),296,081,NY005235,FEDERAL,CONVENTIONAL,REHAB,,46,46,187.0,85,85,0.0048,3.0,5-6,"12,452.2","8,099",297.0,"$6,002,000",$530,MANHATTAN,1988-11-01,,,YES,,2020-11-30
1/1/2025,MANHATTANVILLE REHAB (GROUP 3),297,081,NY005236,FEDERAL,CONVENTIONAL,REHAB,,51,51,220.5,112,112,0.0035,2.0,5-6,"14,633.7","9,930",333.0,"$3,652,758",$447,MANHATTAN,1983-09-30,,,YES,,2020-11-30
1/1/2025,MARBLE HILL,049,049,NY005379,MIXED FINANCE/LLC1,CONVENTIONAL,NEW CONST,257.0,"1,680","1,682","7,111.0","2,534","2,975",0.4963,11.0,14–15,"752,397.6","111,631",172.0,"$17,882,055",$588,BRONX,1952-03-06,,,,,
1/1/2025,MARCY,021,021,NY005213F,FEDERAL,CONVENTIONAL,NEW CONST,0.0,"1,710","1,717","8,239.0","3,699","3,699",0.4149,27.0,6,"1,076,554.1","240,198",150.0,"$19,420,000",$650,BROOKLYN,1949-01-19,1977-07-01,,,,
1/1/2025,MARCY AVENUE-GREENE AVENUE SITE A,363,359,NY005300,FEDERAL,TURNKEY,NEW CONST,,48,48,231.0,,127,,2.0,3,"54,686.3","16,354",101.0,"$5,042,549",$462,BROOKLYN,1997-06-30,,,YES,YES,2020-02-12
1/1/2025,MARCY AVENUE-GREENE AVENUE SITE B,358,359,NY005293,FEDERAL,TURNKEY,NEW CONST,,30,30,145.0,,81,,1.0,3,"34,042.5","10,081",104.0,"$3,168,261",$413,BROOKLYN,1997-06-30,,,YES,YES,2020-02-12
1/1/2025,MARINER'S HARBOR,077,077,NY005020,FEDERAL,CONVENTIONAL,NEW CONST,0.0,600,607,"2,828.0","1,333","1,333",0.3208,22.0,3–6,"943,519.3","124,890",62.0,"$8,072,855",$613,STATEN ISLAND,1954-09-03,,,,,
1/1/2025,MARLBORO,083,083,NY005380,MIXED FINANCE/LLC1,CONVENTIONAL,NEW CONST,365.0,"1,762","1,765","8,238.0","2,850","3,614",0.4555,28.0,7–16,"1,460,872.0","202,426",108.0,"$22,429,000",$640,BROOKLYN,1958-02-27,,,,,
1/1/2025,MARSHALL PLAZA,344,003,NY005265,FEDERAL,TURNKEY,NEW CONST (ELD),,176,180,539.0,211,211,0.0091,1.0,13,"21,613.4","10,354",425.0,"$12,233,985",$301,MANHATTAN,1986-06-30,,EXCLUSIVELY,YES,,2023-01-10
1/1/2025,MCKINLEY,103,059,NY005031,FEDERAL,CONVENTIONAL,NEW CONST,0.0,616,619,"2,932.0","1,299","1,299",0.4249,5.0,16,"292,673.0","41,286",193.0,"$10,418,410",$607,BRONX,1962-07-31,,,,,
1/1/2025,MELROSE,028,028,NY005216B,FEDERAL,CONVENTIONAL,NEW CONST,0.0,"1,019","1,023","4,846.5","2,184","2,184",0.4303,8.0,14,"516,231.6","68,826",184.0,"$12,236,000",$558,BRONX,1952-06-20,1978-02-01,,,,
1/1/2025,MELTZER TOWER,183,100,NY005085,FEDERAL,CONVENTIONAL,NEW CONST (ELD),0.0,228,231,684.0,211,211,0.9115,1.0,20,"51,969.0","6,910",177.0,"$5,622,697",$338,MANHATTAN,1971-08-31,,EXCLUSIVELY,,,
1/1/2025,METRO NORTH PLAZA,181,112,NY005092,FEDERAL,CONVENTIONAL,NEW CONST,0.0,270,275,"1,297.0",534,534,0.4859,3.0,7–8–11,"101,169.8","34,752",230.0,"$6,733,865",$645,MANHATTAN,1971-08-31,,,,,
1/1/2025,MIDDLETOWN PLAZA,191,034,NY005096B,FEDERAL,CONVENTIONAL,NEW CONST (ELD),0.0,159,179,543.5,167,167,0.9276,1.0,15,"50,381.1","10,076",144.0,"$6,090,291",$374,BRONX,1973-08-31,,EXCLUSIVELY,,,2024-09-26
1/1/2025,MILL BROOK,084,084,NY005244C,FEDERAL,CONVENTIONAL,NEW CONST,0.0,"1,247","1,255","5,779.5","2,531","2,531",0.4178,9.0,16,"469,575.2","76,410",235.0,"$22,176,000",$553,BRONX,1959-05-26,1979-08-01,,,,
1/1/2025,MILL BROOK EXTENSION,132,084,NY005244C,FEDERAL,CONVENTIONAL,NEW CONST,0.0,124,125,606.0,255,255,0.487,1.0,16,"22,246.2","8,660",499.0,"$1,957,000",$505,BRONX,1962-01-31,1979-08-01,,,,
1/1/2025,MITCHEL,145,145,NY005050,FEDERAL,CONVENTIONAL,NEW CONST,0.0,"1,726","1,732","7,526.0","3,462","3,462",0.4114,10.0,17–19–20,"679,300.4","97,114",222.0,"$33,012,851",$609,BRONX,1966-02-28,,PARTIALLY (1 BUILDING),,,
1/1/2025,MONROE,088,088,NY005036,FEDERAL,CONVENTIONAL,NEW CONST,0.0,"1,097","1,102","5,287.5","2,400","2,400",0.4439,12.0,8–14–15,"814,916.2","118,402",128.0,"$16,449,659",$636,BRONX,1961-11-02,,,,,
1/1/2025,MOORE,129,093,NY005080,FEDERAL,CONVENTIONAL,NEW CONST,0.0,462,463,"2,160.0",967,967,0.3934,2.0,20,"115,842.1","21,826",364.0,"$7,256,661",$605,BRONX,1964-03-31,,,,,
1/1/2025,MORRIS I,102,102,NY005037,FEDERAL,CONVENTIONAL,NEW CONST,0.0,"1,083","1,085","5,238.5","2,553","2,553",0.3896,10.0,16–20,"416,088.5","66,594",267.0,"$20,735,295",$588,BRONX,1965-08-31,,,,,
1/1/2025,MORRIS II,502,102,NY005079,FEDERAL,CONVENTIONAL,NEW CONST,0.0,798,802,"3,748.0","1,783","1,783",0.4194,7.0,16–20,"357,676.7","51,875",217.0,"$15,391,181",$582,BRONX,1965-08-31,,,,,
1/1/2025,MORRIS PARK SENIOR CITIZENS HOME,277,241,NY005200,FEDERAL,CONVENTIONAL,REHAB (ELD),0.0,97,97,296.5,87,87,0.9028,1.0,9,"10,215.5","6,491",371.0,"$1,989,852",$349,MANHATTAN,1977-04-30,,EXCLUSIVELY,YES,,
1/1/2025,MORRISANIA,130,141,NY005048,FEDERAL,CONVENTIONAL,NEW CONST,0.0,205,206,958.5,485,485,0.3831,2.0,16,"60,128.9","13,024",351.0,"$3,742,711",$584,BRONX,1963-05-31,,,,,
1/1/2025,MORRISANIA AIR RIGHTS,267,267,NY005190,FEDERAL,TURNKEY,NEW CONST,0.0,840,843,"3,780.0","1,530","1,530",0.5624,3.0,19–23–29,"257,853.4","64,435",258.0,"$40,272,504",$538,BRONX,1981-01-01,,PARTIALLY (1 STAIRHALL),,,
1/1/2025,MOTT HAVEN,121,121,NY005044,FEDERAL,CONVENTIONAL,NEW CONST,0.0,991,993,"4,630.5","2,196","2,196",0.3577,8.0,20–22,"440,952.2","78,477",217.0,"$20,670,000",$640,BRONX,1965-03-31,,,,,
1/1/2025,MURPHY,133,133,NY005381,MIXED FINANCE/LLC2,CONVENTIONAL,NEW CONST,106.0,281,281,"1,294.5",,710,,2.0,20,"115,011.3","20,188",269.0,"$5,539,000",$438,BRONX,1964-03-31,,,,,2018-12-27
1/1/2025,NEW LANE AREA,314,035,NY005242,FEDERAL,TURNKEY,NEW CONST (ELD),0.0,276,277,996.0,279,279,0.9447,1.0,10,"110,236.9","29,107",110.0,"$18,511,313",$393,STATEN ISLAND,1984-07-12,,EXCLUSIVELY,YES,,
1/1/2025,NOSTRAND,043,036,NY005268C,FEDERAL,CONVENTIONAL,NEW CONST,0.0,"1,146","1,148","4,967.0","2,005","2,005",0.4597,16.0,6,"1,086,051.1","177,223",80.0,"$13,817,794",$626,BROOKLYN,1950-12-14,1980-07-01,,,,
1/1/2025,OCEAN BAY APARTMENTS (BAYSIDE),098,098,NY005244D,FEDERAL,CONVENTIONAL,NEW CONST,,"1,393","1,395","6,670.5",,"3,729",,24.0,7-9,"1,406,825.8","215,090",115.0,"$22,956,000",$503,QUEENS,1961-09-25,1979-08-01,,,,2016-12-31
1/1/2025,OCEAN BAY APARTMENTS (OCEANSIDE),051,165,NY005244F,FEDERAL,CONVENTIONAL,NEW CONST,0.0,417,418,"1,766.5",730,730,0.4,7.0,6,"465,536.4","66,101",68.0,"$5,137,275",$710,QUEENS,1951-02-28,1979-08-01,,,,
1/1/2025,OCEAN HILL APARTMENTS,162,162,NY005072,FEDERAL,CONVENTIONAL,NEW CONST,0.0,238,238,"1,077.0",543,543,0.3529,3.0,14,"116,783.3","16,412",203.0,"$4,875,929",$792,BROOKLYN,1968-03-31,,,,,
1/1/2025,OCEAN HILL-BROWNSVILLE,313,351,NY005257,FEDERAL,TURNKEY,REHAB,,119,125,517.5,281,281,0.0016,5.0,4,"41,339.1","78,188",296.0,"$8,068,686",$619,BROOKLYN,1986-11-10,,,YES,,2023-11-28
1/1/2025,O'DWYER GARDENS,172,172,NY005267D,FEDERAL,CONVENTIONAL,NEW CONST,0.0,564,573,"2,183.0",858,858,0.5784,6.0,15–16,"289,033.2","34,501",129.0,"$15,000,000",$624,BROOKLYN,1969-12-31,1980-07-01,,,,
1/1/2025,PALMETTO GARDENS,195,247,NY005196,FEDERAL,TURNKEY,NEW CONST (ELD),,115,115,340.5,,117,,1.0,6,"28,687.5","12,739",178.0,"$4,584,000",$313,BROOKLYN,1977-03-31,,EXCLUSIVELY,,,2019-07-18
1/1/2025,"PARK AVENUE-EAST 122ND, 123RD STREETS",204,241,NY005127,FEDERAL,TURNKEY,NEW CONST,,89,90,415.5,209,209,0.0036,2.0,6,"38,327.4","14,614",238.0,"$2,101,938",$554,MANHATTAN,1970-03-31,,,,,2020-11-30
1/1/2025,PARK ROCK REHAB,351,351,NY005285,FEDERAL,TURNKEY,REHAB,,126,134,548.0,282,282,0.0023,9.0,4,"55,732.8","33,105",220.0,"$10,500,000",$674,BROOKLYN,1986-09-01,,,YES,,2023-11-28
1/1/2025,PARKSIDE,047,047,NY005267B,FEDERAL,CONVENTIONAL,NEW CONST,0.0,879,879,"3,712.5","1,601","1,601",0.4618,14.0,6–7–14–15,"458,093.8","96,415",152.0,"$9,676,316",$584,BRONX,1951-06-12,1980-07-01,,,,
1/1/2025,PATTERSON,024,024,NY005216A,FEDERAL,CONVENTIONAL,NEW CONST,0.0,"1,788","1,791","8,505.0","3,684","3,684",0.3986,15.0,6–13,"695,536.4","167,841",231.0,"$20,731,000",$606,BRONX,1950-12-31,1978-02-01,,,,
1/1/2025,PELHAM PARKWAY,039,039,NY005271A,FEDERAL,CONVENTIONAL,NEW CONST,0.0,"1,263","1,266","5,438.5","2,297","2,297",0.4565,23.0,6,"971,382.7","184,875",103.0,"$15,295,753",$643,BRONX,1950-06-30,1980-10-01,,,,
1/1/2025,PENNSYLVANIA AVENUE-WORTMAN AVENUE,194,194,NY005091,FEDERAL,CONVENTIONAL,NEW CONST,,336,336,"1,339.5",627,627,0.0043,3.0,8-16,"235,329.0","40,998",116.0,"$11,936,021",$463,BROOKLYN,1972-09-30,,,,,2021-12-28
1/1/2025,PINK,089,089,NY005035,FEDERAL,CONVENTIONAL,NEW CONST,0.0,"1,495","1,500","7,074.5","3,168","3,168",0.4116,22.0,8,"1,363,766.8","193,511",101.0,"$20,134,047",$604,BROOKLYN,1959-09-30,,,,,
1/1/2025,POLO GROUNDS TOWERS,149,149,NY005062,FEDERAL,CONVENTIONAL,NEW CONST,0.0,"1,613","1,614","7,678.5","3,467","3,467",0.4224,4.0,30,"657,336.7","83,689",230.0,"$32,292,784",$613,MANHATTAN,1968-06-30,,,,,
1/1/2025,POMONOK,053,053,NY005271C,FEDERAL,CONVENTIONAL,NEW CONST,0.0,"2,068","2,071","8,835.0","3,887","3,887",0.4693,35.0,3–7–8,"2,084,612.3","369,627",81.0,"$21,645,342",$652,QUEENS,1952-06-30,1980-10-01,,,,
1/1/2025,PROSPECT PLAZA I,591,,,MIXED FINANCE/NON-NYCHA DEVELOPMENT,,NEW CONST,,38,110,,,,,2.0,4—6,,,,,,BROOKLYN,,,,,YES,
1/1/2025,PROSPECT PLAZA II,592,,,MIXED FINANCE/NON-NYCHA DEVELOPMENT,,NEW CONST,,42,149,,,,,2.0,4—6,,,,,,BROOKLYN,,,,,YES,
1/1/2025,PROSPECT PLAZA PHASE III,,,,MIXED FINANCE/NON-NYCHA DEVELOPMENT,,NEW CONST,,,,,,,,,,,,,,,BROOKLYN,,,,,YES,
1/1/2025,PSS GRANDPARENT FAMILY APARTMENTS,560,560,NY005387,MIXED FINANCE,TURNKEY,NEW CONST,,50,51,235.0,,,,1.0,6,,,,"$12,020,098",,BRONX,2005-05-24,,,,YES,
1/1/2025,PUBLIC SCHOOL 139 (CONVERSION),340,111,NY005260,FEDERAL,TURNKEY,REHAB (ELD),,125,125,423.5,137,137,0.0089,1.0,5,"66,452.0","26,325",90.0,"$7,898,759",$359,MANHATTAN,1986-10-08,,EXCLUSIVELY,YES,,2020-11-30
1/1/2025,QUEENSBRIDGE NORTH,505,505,NY005002B,FEDERAL,CONVENTIONAL,NEW CONST,0.0,"1,536","1,543","6,314.0","2,797","2,797",0.4632,13.0,6,"699,004.0","191,356",174.0,"$6,466,805",$621,QUEENS,1940-03-15,,,,,
1/1/2025,QUEENSBRIDGE SOUTH,005,005,NY005002A,FEDERAL,CONVENTIONAL,NEW CONST,0.0,"1,600","1,604","6,615.0","2,937","2,937",0.4515,13.0,6,"1,489,277.3","198,609",86.0,"$7,054,601",$611,QUEENS,1940-03-15,,,,,
1/1/2025,RALPH AVENUE REHAB,352,167,NY005290,FEDERAL,TURNKEY,REHAB,,111,118,501.5,249,249,0.0025,5.0,4,"71,910.9","27,982",151.0,"$6,714,551",$675,BROOKLYN,1986-12-23,,,YES,,2023-11-28
1/1/2025,RANDALL AVENUE-BALCOM AVENUE,245,063,NY005179,FEDERAL,TURNKEY,NEW CONST (ELD),0.0,251,252,823.5,248,248,0.9144,3.0,6,"236,737.5","48,175",46.0,"$9,186,414",$387,BRONX,1978-10-31,,EXCLUSIVELY,,,
1/1/2025,RANDOLPH NORTH,,,,MIXED FINANCE/NON-NYCHA DEVELOPMENT,CONVENTIONAL,GUT REHAB,,,,,,,,,,,,,,,MANHATTAN,,,,,YES,
1/1/2025,RANDOLPH SOUTH,561,,,MIXED FINANCE/NON-NYCHA DEVELOPMENT,CONVENTIONAL,GUT REHAB,,147,168,,,,,2.0,5,,,,,,MANHATTAN,,,,,YES,
1/1/2025,RANGEL,037,037,NY005114E,FEDERAL,CONVENTIONAL,NEW CONST,0.0,983,984,"4,519.5","1,920","1,920",0.4231,8.0,14,"471,966.9","71,671",177.0,"$10,613,000",$631,MANHATTAN,1951-10-08,1968-08-29,,,,
1/1/2025,RAVENSWOOD,048,048,NY005184,FEDERAL,CONVENTIONAL,NEW CONST,0.0,"2,160","2,166","9,116.0","3,926","3,926",0.4428,31.0,6–7,"1,520,494.6","346,053",112.0,"$21,403,996",$704,QUEENS,1951-07-19,1971-06-29,,,,
1/1/2025,RED HOOK EAST,004,004,NY005001,FEDERAL,CONVENTIONAL,NEW CONST,0.0,"1,401","1,407","5,876.5","2,377","2,377",0.4442,15.0,2–6,"870,219.9","192,198",119.0,,$590,BROOKLYN,1939-11-20,,,,,
1/1/2025,RED HOOK I,"004, 079","004, 079",NY005001,FEDERAL,CONVENTIONAL,NEW CONST,,"2,421","2,541","10,579.0","4,343","4,343",0.0044,26.0,2–6,"1,452,438.0","326,157",130.0,"$12,102,930",$586,BROOKLYN,1939-11-20,,,,,
1/1/2025,RED HOOK II,079*,079,NY005029,FEDERAL,CONVENTIONAL,NEW CONST,,343,346,"1,618.0",732,732,0.0037,3.0,3–14,"245,292.0","35,301",131.0,"$4,517,169",$676,BROOKLYN,1955-05-27,,,,,
1/1/2025,RED HOOK WEST,079,079,"NY005001 - BLDGS 15-25, NY005029 - BLDGS 1-4",FEDERAL,CONVENTIONAL,NEW CONST,0.0,"1,471","1,480","6,320.5","2,698","2,698",0.423,14.0,3–6–14,"819,204.0","169,260",143.0,,$604,BROOKLYN,1955-05-31,,,,,
1/1/2025,REDFERN,055,055,NY005216D,FEDERAL,CONVENTIONAL,NEW CONST,0.0,599,604,"2,909.5","1,426","1,426",0.3765,9.0,6–7,"730,279.4","95,461",85.0,"$9,334,000",$681,QUEENS,1959-08-28,1978-02-01,,,,
1/1/2025,REHAB PROGRAM (COLLEGE POINT),143,186,NY005076E,FEDERAL,CONVENTIONAL,REHAB (ELD),0.0,13,13,32.5,12,12,0.9167,1.0,1,"15,478.9","9,320",34.0,"$5,909,934",$276,QUEENS,1964-01-31,,EXCLUSIVELY,,,
1/1/2025,REHAB PROGRAM (DOUGLASS REHABS),515,359,"NY005076A - BLDG 3-4, NY005076B - BLDGS 2, NY005076C - BLDG 1",FEDERAL,CONVENTIONAL,REHAB,0.0,112,112,413.0,154,154,0.49,4.0,3–6–7,"26,188.8","16,326",256.0,,$653,MANHATTAN,1964-01-31,,,,YES,
1/1/2025,REHAB PROGRAM (TAFT REHABS),516,359,"NY005076G - BLDG 1, NY005076I - BLDG 2, 3,  NY005076J - BLDG 4",FEDERAL,CONVENTIONAL,REHAB,0.0,154,156,595.0,253,253,0.3857,4.0,7,"27,394.4","22,914",402.0,,$572,MANHATTAN,1964-01-31,,,,YES,
1/1/2025,REHAB PROGRAM (WISE REHAB),517,155,NY005076D,FEDERAL,CONVENTIONAL,REHAB,0.0,40,40,159.0,63,63,0.4474,1.0,5,"10,196.6","7,367",269.0,,$776,MANHATTAN,1964-01-31,,,,,
1/1/2025,REID APARTMENTS,167,167,NY005089,FEDERAL,CONVENTIONAL,NEW CONST (ELD),,199,230,602.5,207,207,0.0091,1.0,20,"68,329.6","13,285",132.0,"$3,910,160",$349,BROOKLYN,1969-11-30,,EXCLUSIVELY,,,2023-11-28
1/1/2025,RICHMOND TERRACE,117,117,NY005039,FEDERAL,CONVENTIONAL,NEW CONST,0.0,488,489,"2,308.0",990,990,0.3786,6.0,8,"444,970.0","57,285",97.0,"$9,551,430",$608,STATEN ISLAND,1964-04-30,,,,,
1/1/2025,RIIS,018,018,NY005008,FEDERAL,CONVENTIONAL,NEW CONST,0.0,"1,191","1,191","5,666.5","2,408","2,408",0.4645,13.0,6–13–14,"520,294.5","103,446",202.0,"$13,510,289",$666,MANHATTAN,1949-01-17,,,,,
1/1/2025,RIIS II,019,018,NY005181D,FEDERAL,CONVENTIONAL,NEW CONST,0.0,575,578,"2,710.5","1,143","1,143",0.4577,6.0,6–13–14,"258,372.5","43,916",193.0,"$6,339,520",$667,MANHATTAN,1949-01-31,1972-06-29,,,,
1/1/2025,ROBBINS PLAZA,218,139,NY005151,FEDERAL,CONVENTIONAL,NEW CONST (ELD),0.0,150,150,470.0,164,164,0.9161,1.0,20,"13,536.8","6,773",528.0,"$4,855,905",$409,MANHATTAN,1975-02-28,,EXCLUSIVELY,,,
1/1/2025,ROBINSON,241,241,NY005173,FEDERAL,TURNKEY,NEW CONST,0.0,188,189,834.0,355,355,0.4,1.0,8,"65,196.7","22,776",237.0,"$5,990,000",$673,MANHATTAN,1973-05-31,,,,,
1/1/2025,ROOSEVELT I,135,135,NY005054,FEDERAL,CONVENTIONAL,NEW CONST,0.0,761,763,"3,576.5","1,632","1,632",0.4822,6.0,14–15–18,"345,698.5","52,168",206.0,"$14,017,427",$598,BROOKLYN,1964-09-30,,PARTIALLY (1 BUILDING),,,
1/1/2025,ROOSEVELT II,177,135,NY005083,FEDERAL,CONVENTIONAL,NEW CONST,0.0,339,342,"1,484.5",646,646,0.4611,3.0,14–15,"148,881.1","24,067",189.0,"$6,450,218",$613,BROOKLYN,1966-12-31,,,,,
1/1/2025,RUTGERS,099,099,NY005382,MIXED FINANCE/LLC1,CONVENTIONAL,NEW CONST,102.0,721,721,"3,357.5","1,271","1,471",0.5285,5.0,20,"226,932.5","39,355",282.0,"$14,090,000",$626,MANHATTAN,1965-03-31,,,,,
1/1/2025,RUTLAND TOWERS,282,167,NY005211,FEDERAL,CONVENTIONAL,REHAB,,60,61,218.0,98,98,0.0057,1.0,6,"22,643.9","13,470",189.0,"$1,594,181",$604,BROOKLYN,1977-05-17,,,,,2023-11-28
1/1/2025,SACK WERN,280,280,NY005205,FEDERAL,CONVENTIONAL,REHAB,0.0,379,413,"1,755.5",783,783,0.3905,7.0,6,"216,987.0","63,056",157.0,"$8,699,894",$688,BRONX,1977-05-12,,,,,2024-06-26
1/1/2025,SAINT MARY'S PARK,093,093,NY005384,MIXED FINANCE/LLC1,CONVENTIONAL,NEW CONST,209.0,997,"1,007","4,488.5","1,478","1,881",0.3957,6.0,21,"552,064.7","57,006",148.0,"$16,351,823",$615,BRONX,1959-04-30,,,,,
1/1/2025,SAINT NICHOLAS,038,038,NY005010,FEDERAL,CONVENTIONAL,NEW CONST,0.0,"1,524","1,526","7,106.0","2,965","2,965",0.4395,13.0,14,"629,649.6","105,458",205.0,"$20,560,063",$645,MANHATTAN,1954-09-30,,,,,
1/1/2025,SAMUEL (CITY),377,377,NY005375,MIXED FINANCE/LLC1,CONVENTIONAL,REHAB,105.0,598,664,"2,552.0","1,044","1,234",0.3255,40.0,5–6–7,"210,386.9","116,528",255.0,$0,$743,MANHATTAN,1994-08-31,,,YES,,2024-09-26
1/1/2025,SAMUEL (MHOP) I,389,359,NY005335,MHOP,CONVENTIONAL,REHAB,,31,53,138.5,49,49,0.0036,5.0,5,"14,126.6","11,274",151.0,"$4,630,200",$795,MANHATTAN,1994-01-31,,,YES,YES,2020-11-30
1/1/2025,SAMUEL (MHOP) II,398,359,NY005345,MHOP,CONVENTIONAL,REHAB,,4,10,20.0,12,12,0.0025,1.0,5,"3,188.6","2,326",164.0,"$967,700","$1,061",MANHATTAN,1993-07-31,,,YES,YES,2020-11-30
1/1/2025,SAMUEL (MHOP) III,399,359,NY005359,MHOP,CONVENTIONAL,REHAB,,2,10,9.0,3,3,0.0,1.0,5,"5,437.2","1,599",24.0,"$887,005",$823,MANHATTAN,1995-06-30,,,YES,YES,2020-11-30
1/1/2025,SARATOGA VILLAGE,158,162,NY005067,FEDERAL,CONVENTIONAL,NEW CONST,0.0,125,125,562.5,240,240,0.3772,1.0,16,"57,070.0","6,911",183.0,"$2,334,676",$753,BROOKLYN,1966-12-31,,,,,
1/1/2025,SEDGWICK,045,045,NY005183B,FEDERAL,CONVENTIONAL,NEW CONST,0.0,783,786,"3,316.5","1,445","1,445",0.461,7.0,14–15,"316,648.1","59,598",199.0,"$8,397,841",$585,BRONX,1951-03-23,1972-06-29,,,,
1/1/2025,SEWARD PARK EXTENSION,192,100,NY005100,FEDERAL,CONVENTIONAL,NEW CONST,0.0,360,360,"1,591.0",686,686,0.5235,2.0,23,"96,046.4","23,922",311.0,"$11,871,465",$645,MANHATTAN,1973-10-31,,,,,
1/1/2025,SHEEPSHEAD BAY,036,036,NY005114B,FEDERAL,CONVENTIONAL,NEW CONST,0.0,"1,052","1,056","4,903.0","2,083","2,083",0.4287,18.0,6,"1,091,713.4","159,727",83.0,"$12,596,000",$653,BROOKLYN,1950-08-08,1968-08-29,,,,
1/1/2025,SHELTON HOUSE,279,091,NY005203,FEDERAL,CONVENTIONAL,REHAB (ELD),0.0,152,155,472.0,156,156,0.9433,1.0,12,"22,357.3","14,991",304.0,"$3,615,000",$374,QUEENS,1978-10-31,,EXCLUSIVELY,YES,,
1/1/2025,SMITH,027,027,NY005220B,FEDERAL,CONVENTIONAL,NEW CONST,0.0,"1,930","1,935","8,970.0","3,708","3,708",0.5533,12.0,17,"804,198.1","126,462",201.0,"$29,083,000",$631,MANHATTAN,1953-04-27,1978-07-01,,,,
1/1/2025,SOTOMAYOR HOUSES,067,067,NY005022,FEDERAL,CONVENTIONAL,NEW CONST,0.0,"1,492","1,497","6,951.0","2,913","2,913",0.4342,28.0,7,"1,339,503.7","190,435",95.0,"$17,963,549",$601,BRONX,1955-02-28,,,,,
1/1/2025,SOUNDVIEW,071,071,NY005220H,FEDERAL,CONVENTIONAL,NEW CONST,0.0,"1,254","1,259","5,847.0","2,642","2,642",0.4304,13.0,7,"972,689.5","164,048",118.0,"$13,445,000",$559,BRONX,1954-10-29,1978-07-01,,,,
1/1/2025,SOUTH BEACH,035,035,NY005114C,FEDERAL,CONVENTIONAL,NEW CONST,0.0,421,422,"1,938.5",755,755,0.4118,8.0,6,"639,135.3","68,084",51.0,"$5,377,000",$635,STATEN ISLAND,1950-03-20,1968-08-29,,,,
1/1/2025,SOUTH BRONX AREA (SITE 402),305,342,NY005224,FEDERAL,TURNKEY,NEW CONST,,111,114,586.5,357,357,0.0018,4.0,3,"150,897.6","41,764",103.0,"$8,902,455",$688,BRONX,1988-05-01,,,YES,,2023-09-28
1/1/2025,SOUTH JAMAICA I,008,008,NY005004,FEDERAL,CONVENTIONAL,NEW CONST,0.0,448,448,"1,797.0",798,798,0.3564,11.0,3–4,"397,830.6","82,310",87.0,"$2,117,392",$609,QUEENS,1940-08-01,,,,,
1/1/2025,SOUTH JAMAICA II,066,008,NY005018,FEDERAL,CONVENTIONAL,NEW CONST,0.0,595,600,"2,797.5","1,295","1,295",0.3717,16.0,3–7,"589,701.8","116,506",96.0,"$8,541,145",$676,QUEENS,1954-10-25,,,,,
1/1/2025,STANTON STREET,559,359,NY005326,FEDERAL,TURNKEY,NEW CONST,0.0,13,13,66.5,34,34,0.2308,1.0,6,"5,438.8","3,600",272.0,"$4,561,538",$735,MANHATTAN,2003-12-01,,,YES,YES,
1/1/2025,STAPLETON,114,114,NY005383,MIXED FINANCE/LLC1,CONVENTIONAL,NEW CONST,133.0,693,693,"3,358.5","1,561","1,829",0.3344,6.0,1—8,"610,197.6","76,976",131.0,"$12,271,000",$631,STATEN ISLAND,1962-05-31,,,,,
1/1/2025,STEBBINS AVENUE-HEWITT PLACE,353,342,NY005280,FEDERAL,TURNKEY,NEW CONST,,118,120,531.0,247,247,0.0035,2.0,3,"123,822.3","42,267",87.0,"$8,851,338",$585,BRONX,1987-04-17,,,YES,,2023-09-28
1/1/2025,STERLING PLACE REHABS (SAINT JOHNS-STERLING),366,351,NY005250,FEDERAL,TURNKEY,REHAB,,82,83,435.0,247,247,0.0018,5.0,4,"49,671.3","28,039",217.0,"$9,091,865",$669,BROOKLYN,1991-05-11,,,YES,,2023-11-28
1/1/2025,STERLING PLACE REHABS (STERLING-BUFFALO),368,351,NY005305,FEDERAL,TURNKEY,REHAB,,122,125,580.0,310,310,0.003,7.0,4,"50,273.2","36,119",269.0,"$12,235,716",$647,BROOKLYN,1991-05-11,,,YES,,2023-11-28
1/1/2025,STRAUS,153,153,NY005063,FEDERAL,CONVENTIONAL,NEW CONST,0.0,267,267,"1,162.5",503,503,0.5155,2.0,19–20,"47,065.9","12,476",466.0,"$5,442,401",$614,MANHATTAN,1965-01-31,,,,,
1/1/2025,STUYVESANT GARDENS I,221,221,NY005133,FEDERAL,TURNKEY,NEW CONST,0.0,328,331,"1,610.0",721,721,0.3344,5.0,4,"206,356.6","92,431",152.0,"$10,070,462",$718,BROOKLYN,1972-08-31,,,,,
1/1/2025,STUYVESANT GARDENS II,333,221,NY005269,FEDERAL,TURNKEY,NEW CONST (ELD),0.0,150,150,525.0,140,140,0.8943,1.0,7,"71,067.1","16,458",86.0,"$9,991,893",$453,BROOKLYN,1986-02-28,,EXCLUSIVELY,YES,,
1/1/2025,SUMNER,073,073,NY005220I,FEDERAL,CONVENTIONAL,NEW CONST,0.0,"1,094","1,099","4,989.0","2,013","2,013",0.4894,13.0,7–12,"890,633.1","131,812",98.0,"$18,007,000",$608,BROOKLYN,1958-05-14,1978-07-01,,,,
1/1/2025,SURFSIDE GARDENS,170,170,NY005087,FEDERAL,CONVENTIONAL,NEW CONST,0.0,590,600,"2,533.0","1,031","1,031",0.6393,5.0,14–15,"330,691.2","36,810",136.0,"$13,577,964",$514,BROOKLYN,1969-06-30,,PARTIALLY (2 BUILDINGS),,,
1/1/2025,SUTTER AVENUE-UNION STREET,369,167,NY005311,FEDERAL,TURNKEY,REHAB,,99,100,461.5,234,234,0.0027,3.0,4-6,"38,536.4","21,424",265.0,"$9,370,007",$728,BROOKLYN,1995-08-31,,,YES,,2023-11-28
1/1/2025,TAFT,097,097,NY005064,FEDERAL,CONVENTIONAL,NEW CONST,0.0,"1,464","1,470","6,602.0","2,609","2,609",0.4422,9.0,19,"538,203.9","105,527",211.0,"$28,867,029",$660,MANHATTAN,1962-12-31,,,,,
1/1/2025,TAPSCOTT STREET REHAB,354,167,NY005278,FEDERAL,TURNKEY,REHAB,,150,155,667.0,320,320,0.0023,8.0,4,"66,584.8","37,312",209.0,"$10,106,270",$641,BROOKLYN,1986-01-24,,,YES,,2023-11-28
1/1/2025,TAYLOR STREET-WYTHE AVENUE,234,234,NY005141,FEDERAL,TURNKEY,NEW CONST,0.0,525,525,"2,464.5","1,186","1,186",0.4847,5.0,8–11–12–13,"185,921.0","57,205",278.0,"$20,178,024",$587,BROOKLYN,1974-06-30,,,,,
1/1/2025,TELLER AVENUE-EAST 166TH STREET,223,308,NY005163,FEDERAL,TURNKEY,NEW CONST,0.0,89,90,348.5,159,159,0.4938,1.0,6,"27,912.0","12,354",248.0,"$2,296,895",$514,BRONX,1971-09-30,,,,,
1/1/2025,THOMAS APARTMENTS,268,155,NY005192,FEDERAL,TURNKEY,NEW CONST (ELD),0.0,87,87,304.5,94,94,0.9762,1.0,11,"10,327.1","6,641",396.0,"$11,188,636",$466,MANHATTAN,1994-08-31,,EXCLUSIVELY,YES,,
1/1/2025,THROGGS NECK,063,063,NY005015,FEDERAL,CONVENTIONAL,NEW CONST,0.0,"1,178","1,185","5,404.0","2,396","2,396",0.4155,29.0,3–7,"1,438,598.9","228,989",73.0,"$15,541,569",$592,BRONX,1953-11-27,,,,,
1/1/2025,THROGGS NECK ADDITION,193,063,NY005098,FEDERAL,CONVENTIONAL,NEW CONST,0.0,287,287,"1,330.5",635,635,0.4416,4.0,8–11,"354,058.4","39,315",78.0,"$7,405,898",$613,BRONX,1971-09-30,,,,,
1/1/2025,TILDEN,096,096,NY005034,FEDERAL,CONVENTIONAL,NEW CONST,0.0,997,998,"4,745.5","2,263","2,263",0.4082,8.0,16,"466,445.9","66,416",211.0,"$14,827,430",$600,BROOKLYN,1961-06-30,,,,,
1/1/2025,TODT HILL,042,042,NY005268A,FEDERAL,CONVENTIONAL,NEW CONST,0.0,502,502,"2,174.0",873,873,0.4587,7.0,6,"537,843.2","79,116",71.0,"$6,509,155",$689,STATEN ISLAND,1950-06-01,1980-07-01,,,,
1/1/2025,TOMPKINS,131,131,NY005046,FEDERAL,CONVENTIONAL,NEW CONST,0.0,"1,043","1,046","5,211.5","2,486","2,486",0.4446,8.0,8–16,"514,243.2","94,386",211.0,"$18,445,969",$651,BROOKLYN,1964-07-31,,,,,
1/1/2025,TWIN PARKS EAST (SITE 9),287,180,NY005227,FEDERAL,CONVENTIONAL,NEW CONST (ELD),0.0,219,219,689.5,204,204,0.8836,1.0,14,"74,074.7","11,388",120.0,"$11,406,932",$323,BRONX,1982-04-30,,EXCLUSIVELY,YES,,2025-06-24
1/1/2025,TWIN PARKS WEST (SITES 1 & 2),227,227,NY005178,FEDERAL,CONVENTIONAL,NEW CONST,,311,312,"1,504.5",,876,,1.0,16,"187,170.4","33,186",204.0,"$14,286,716",$521,BRONX,1974-09-30,,,,,2018-10-31
1/1/2025,TWO BRIDGES URA (SITE 7),266,076,NY005194,FEDERAL,TURNKEY,NEW CONST,0.0,250,250,"1,249.0",535,535,0.4833,1.0,26,"33,793.0","13,314",690.0,"$10,508,730",$769,MANHATTAN,1975-04-30,,,,,
1/1/2025,UNION AVENUE-EAST 163RD STREET,342,342,NY005214,FEDERAL,TURNKEY,NEW CONST (ELD),,191,200,668.5,216,216,0.0082,1.0,9,"86,335.4","18,632",109.0,"$12,675,000",$326,BRONX,1985-03-11,,EXCLUSIVELY,YES,,2023-09-28
1/1/2025,UNION AVENUE-EAST 166TH STREET,356,342,NY005291,FEDERAL,TURNKEY,NEW CONST,,118,120,532.0,253,253,0.0033,6.0,3,"100,370.2","38,943",110.0,"$9,239,549",$604,BRONX,1988-09-01,,,YES,,2023-09-28
1/1/2025,"UNITY PLAZA (SITES 17,24,25A)",240,261,NY005169,FEDERAL,TURNKEY,NEW CONST,0.0,167,167,768.5,383,383,0.34,3.0,6,"81,737.8","27,159",204.0,"$5,191,821",$700,BROOKLYN,1973-11-30,,,,,
1/1/2025,UNITY PLAZA (SITES 4-27),261,261,NY005117,FEDERAL,CONVENTIONAL,NEW CONST,0.0,460,462,"2,139.0",907,907,0.3829,5.0,6,"248,878.5","89,543",159.0,"$16,798,483",$676,BROOKLYN,1973-09-30,,,,,
1/1/2025,UNIVERSITY AVENUE REHAB,341,341,NY005283,FEDERAL,TURNKEY,REHAB,0.0,230,230,"1,034.0",446,446,0.4817,4.0,6,"80,357.6","43,696",242.0,"$15,900,000",$578,BRONX,1985-01-31,,,YES,YES,2025-06-24
1/1/2025,UPACA (SITE 5),343,241,NY005254,FEDERAL,TURNKEY,NEW CONST (ELD),0.0,180,200,630.0,183,183,0.8649,1.0,11,"64,880.6","14,325",123.0,"$13,369,245",$383,MANHATTAN,1986-07-03,,EXCLUSIVELY,YES,,
1/1/2025,UPACA (SITE 6),355,241,NY005281,FEDERAL,TURNKEY,NEW CONST (ELD),0.0,150,150,525.0,148,148,0.9365,1.0,12,"46,262.8","10,330",139.0,"$10,240,710",$374,MANHATTAN,1987-11-30,,EXCLUSIVELY,YES,,
1/1/2025,VAN DYKE I,061,061,NY005013,FEDERAL,CONVENTIONAL,NEW CONST,0.0,"1,599","1,603","7,380.5","3,294","3,294",0.3438,22.0,3–14,"928,338.0","161,168",155.0,"$21,351,730",$666,BROOKLYN,1955-05-27,,,,,
1/1/2025,VAN DYKE II,146,182,NY005055,FEDERAL,CONVENTIONAL,NEW CONST (ELD),0.0,111,112,413.5,125,125,0.8952,1.0,14,"53,653.8","9,017",101.0,"$2,318,317",$390,BROOKLYN,1964-04-30,,EXCLUSIVELY,,,
1/1/2025,VANDALIA AVENUE,315,315,NY005243,FEDERAL,TURNKEY,NEW CONST (ELD),0.0,286,293,"1,029.0",321,321,0.912,2.0,10,"160,564.8","33,868",87.0,"$20,511,981",$455,BROOKLYN,1983-05-31,,EXCLUSIVELY,YES,,
1/1/2025,VLADECK,006,006,NY005003,FEDERAL,CONVENTIONAL,NEW CONST,0.0,"1,524","1,531","6,239.0","2,614","2,614",0.5175,20.0,6,"571,962.5","171,144",199.0,"$7,994,564",$601,MANHATTAN,1940-11-25,,,,,
1/1/2025,VLADECK II,007,006,NY005181B,FEDERAL,CONVENTIONAL,NEW CONST,0.0,240,240,"1,080.0",465,465,0.4737,4.0,6,"98,061.0","28,827",207.0,"$1,269,490",$607,MANHATTAN,1940-10-25,1972-06-29,,,,
1/1/2025,WAGNER,074,074,NY005024,FEDERAL,CONVENTIONAL,NEW CONST,0.0,"2,145","2,162","10,038.5","4,176","4,176",0.4306,22.0,7–16,"1,101,834.0","150,639",165.0,"$32,794,423",$630,MANHATTAN,1958-06-12,,,,,
1/1/2025,WALD,023,023,NY005213C,FEDERAL,CONVENTIONAL,NEW CONST,0.0,"1,855","1,861","8,738.5","3,527","3,527",0.4961,16.0,11–14,"704,010.1","133,117",218.0,"$22,094,000",$631,MANHATTAN,1949-10-14,1977-07-01,,,,
1/1/2025,WASHINGTON,062,062,NY005014,FEDERAL,CONVENTIONAL,NEW CONST,0.0,"1,511","1,515","7,033.5","3,122","3,122",0.4475,14.0,2—12–14,"868,788.3","124,916",157.0,"$23,677,092",$642,MANHATTAN,1957-09-20,,,,,
1/1/2025,WASHINGTON HEIGHTS REHAB (GROUPS 1&2),293,309,NY005221,FEDERAL,CONVENTIONAL,REHAB,,214,216,909.0,405,405,0.0048,5.0,5-6,"58,931.4","40,754",299.0,"$22,610,848",$466,MANHATTAN,1988-05-01,,,YES,,2020-11-30
1/1/2025,WASHINGTON HEIGHTS REHAB PHASE III (FORT WASHINGTON),523,309,NY005284B,FEDERAL,TURNKEY,REHAB,,87,88,386.5,176,176,0.0036,7.0,5,"25,768.4","18,156",298.0,"$6,178,887",$532,MANHATTAN,1987-11-30,,,YES,,2020-11-30
1/1/2025,WASHINGTON HEIGHTS REHAB PHASE III (HARLEM RIVER),329,003,NY005284A,FEDERAL,TURNKEY,REHAB,,14,14,63.0,30,30,0.005,1.0,5,"4,095.3","3,393",319.0,"$996,698",$617,MANHATTAN,1987-11-30,,,YES,,2020-11-30
1/1/2025,WASHINGTON HEIGHTS REHAB PHASE IV (C),330,309,NY005228,FEDERAL,CONVENTIONAL,REHAB,,32,32,129.0,67,67,0.0056,2.0,5,"9,027.5","6,012",323.0,"$3,052,119",$514,MANHATTAN,1990-10-01,,,YES,,2020-11-30
1/1/2025,WASHINGTON HEIGHTS REHAB PHASE IV (D),331,309,NY005229,FEDERAL,CONVENTIONAL,REHAB,,32,32,132.0,60,60,0.0048,2.0,5,"9,362.8","6,127",279.0,"$3,007,393",$578,MANHATTAN,1990-07-01,,,YES,,2020-11-30
1/1/2025,WEBSTER,141,141,NY005028,FEDERAL,CONVENTIONAL,NEW CONST,0.0,604,606,"2,822.0","1,423","1,423",0.3921,5.0,21,"192,810.9","31,247",321.0,"$12,227,114",$597,BRONX,1965-09-30,,,,,
1/1/2025,WEEKSVILLE GARDENS,229,031,NY005132,FEDERAL,TURNKEY,NEW CONST,,256,257,"1,254.5",,793,,2.0,4-5,"143,552.1","63,228",241.0,"$7,871,249",$524,BROOKLYN,1974-04-30,,,,,2020-02-12
1/1/2025,WEST BRIGHTON I,116,116,NY005040,FEDERAL,CONVENTIONAL,NEW CONST,0.0,455,490,"2,190.5","1,222","1,222",0.2989,8.0,8,"341,870.0","65,839",156.0,"$9,893,117",$607,STATEN ISLAND,1962-12-31,,,,,2024-06-26
1/1/2025,WEST BRIGHTON II,175,116,NY005040,FEDERAL,CONVENTIONAL,NEW CONST (ELD),0.0,69,144,239.5,81,81,0.9275,8.0,1,"198,369.7","67,228",18.0,"$2,825,000",$389,STATEN ISLAND,1965-12-31,,EXCLUSIVELY,,,2024-06-26
1/1/2025,WEST FARMS ROAD REHAB,360,530,NY005286,FEDERAL,TURNKEY,REHAB,0.0,208,208,883.0,427,427,0.3547,4.0,6,"53,482.0","34,935",348.0,"$14,480,678",$620,BRONX,1986-08-13,,,YES,YES,
1/1/2025,WEST FARMS SQUARE CONVENTIONAL,526,530,NY005318,FEDERAL,CONVENTIONAL,REHAB,0.0,20,20,85.0,44,44,0.2,1.0,5,"5,231.2","3,363",366.0,"$1,558,811",$625,BRONX,1994-06-30,,,YES,YES,
1/1/2025,WEST TREMONT AVENUE-SEDGWICK AVENUE AREA,246,045,NY005180,FEDERAL,TURNKEY,NEW CONST (ELD),0.0,148,148,485.0,145,145,0.8583,1.0,12,"38,336.9","9,609",165.0,"$4,380,000",$346,BRONX,1973-07-31,,EXCLUSIVELY,,,
1/1/2025,WHITE,124,112,NY005244E,FEDERAL,CONVENTIONAL,NEW CONST (ELD),0.0,247,248,736.5,225,225,0.9403,1.0,20,"35,882.2","23,400",273.0,"$4,305,000",$354,MANHATTAN,1964-09-30,1979-08-01,EXCLUSIVELY,,,
1/1/2025,WHITMAN,514,514,NY005213A,FEDERAL,CONVENTIONAL,NEW CONST,0.0,"1,653","1,659","7,842.5","3,326","3,326",0.4114,15.0,6–13,"787,767.4","156,524",184.0,"$10,341,328",$609,BROOKLYN,1944-02-24,1977-07-01,,,,
1/1/2025,WILLIAMS PLAZA,128,128,NY005385,MIXED FINANCE/LLC2,CONVENTIONAL,NEW CONST,77.0,577,577,"2,624.5",,"1,341",,5.0,14-21,"245,484.2","39,895",238.0,"$11,631,000",$442,BROOKLYN,1964-04-30,,,,,2020-02-12
1/1/2025,WILLIAMSBURG,002,002,NY005041,FEDERAL,CONVENTIONAL,NEW CONST,,"1,601","1,621","6,292.0","2,895","2,895",0.0049,20.0,4,"1,059,130.9","326,716",119.0,"$13,063,992",$518,BROOKLYN,1938-04-10,,,,,2021-12-28
1/1/2025,WILSON,112,112,NY005220J,FEDERAL,CONVENTIONAL,NEW CONST,0.0,398,398,"2,225.0","1,075","1,075",0.3534,3.0,20,"135,834.4","22,499",345.0,"$7,162,000",$786,MANHATTAN,1961-06-30,1978-07-01,,,,
1/1/2025,WISE TOWERS,127,127,NY005386,MIXED FINANCE/LLC2,CONVENTIONAL,NEW CONST,115.0,389,399,"1,707.5",488,736,0.0045,2.0,19,"103,289.2","34,702",310.0,"$7,774,000",$591,MANHATTAN,1965-01-31,,,,,2020-11-30
1/1/2025,WOODSIDE,033,033,NY005114D,FEDERAL,CONVENTIONAL,NEW CONST,0.0,"1,353","1,357","6,312.5","2,648","2,648",0.4733,20.0,6,"960,192.4","186,009",120.0,"$13,777,000",$661,QUEENS,1949-12-30,1968-08-29,,,,
1/1/2025,WOODSON,182,182,NY005084,FEDERAL,CONVENTIONAL,NEW CONST (ELD),0.0,405,407,"1,412.5",450,450,0.8814,2.0,10–25,"144,232.3","24,456",136.0,"$8,225,987",$382,BROOKLYN,1970-08-31,,EXCLUSIVELY,,,
1/1/2025,WSUR (BROWNSTONES),178,155,NY005052K,FEDERAL,CONVENTIONAL,REHAB,0.0,235,236,781.5,285,285,0.5528,36.0,3–4–6,"69,464.9","41,422",179.0,"$4,190,975",$609,MANHATTAN,1968-06-30,,,,,
1/1/2025,WSUR (SITE A) 120 WEST 94TH STREET,151,155,NY005056,FEDERAL,CONVENTIONAL,NEW CONST,0.0,68,70,298.0,139,139,0.4412,1.0,9,"22,918.1","6,811",264.0,,$788,MANHATTAN,1965-09-30,,,,,
1/1/2025,WSUR (SITE B) 74 WEST 92ND STREET,173,155,NY005056,FEDERAL,CONVENTIONAL,NEW CONST,0.0,167,168,731.5,280,280,0.4422,1.0,22,"25,709.8","13,176",474.0,"$7,228,361",$653,MANHATTAN,1965-09-30,,,,,
1/1/2025,WSUR (SITE C) 589 AMSTERDAM AVENUE,174,155,NY005056,FEDERAL,CONVENTIONAL,NEW CONST,0.0,157,158,686.5,287,287,0.5,1.0,18,"25,376.0","7,891",493.0,,$621,MANHATTAN,1965-09-30,,,,,
1/1/2025,WYCKOFF GARDENS,163,163,NY005074,FEDERAL,CONVENTIONAL,NEW CONST,0.0,528,529,"2,434.0",988,988,0.4736,3.0,21,"243,632.7","31,158",177.0,"$10,130,155",$712,BROOKLYN,1966-12-31,,,,,
